LineId,BlockId,Label
1,podUID_000195db-8f1e-417d-921c-e12056599b62,Anomaly
2,podUID_000c1943-8520-4e1d-98a6-9259dc0a5cc5,Normal
3,podUID_0020c91a-a39c-4fef-8372-dd9e681fb68d,Anomaly
4,podUID_002a41cc-9bb6-49db-989a-30b3189d4de4,Normal
5,podUID_01592ef1-bf2c-4704-9498-ed3abd6264bb,Normal
6,podUID_0159a681-92ab-4c5b-92a1-7b0cdb811222,Anomaly
7,podUID_017d25cf-6296-4f05-8097-e76e536773f8,Normal
8,podUID_0292680b-d68b-4cad-bf1a-320639c34c24,Normal
9,podUID_02ac8b25-4178-4189-ac1a-3701c49081c8,Anomaly
10,podUID_02d5ab65-abe8-447c-a749-f14182646db6,Anomaly
11,podUID_040e30d2-17dd-49a2-8d13-b7e8e8a6544a,Normal
12,podUID_0410abb6-93c3-4809-8816-86500a82ab82,Normal
13,podUID_047a90b8-6e60-4251-b9d2-166e0e4887e6,Anomaly
14,podUID_04e967b5-5ea3-45eb-a00a-c447f7a5b041,Anomaly
15,podUID_050187d0-303e-490c-9d77-0a2476d46782,Anomaly
16,podUID_0509f924-25aa-4736-ac26-9339857b132e,Anomaly
17,podUID_0583d879-d188-4e8b-b537-2195ab17af6f,Anomaly
18,podUID_05a9938c-9101-451d-931b-979e0cdfd863,Normal
19,podUID_06301f6a-a779-4d9c-b83c-98da4ab87209,Anomaly
20,podUID_06d48f25-b23a-49ff-aaaa-3baf77753918,Anomaly
21,podUID_0721dd57-c189-4273-bddf-e6c88ed04334,Normal
22,podUID_07a8ec7b-d6cc-4649-89bb-f7f949c92df2,Anomaly
23,podUID_07b17cc1-da43-4e1e-b30b-8450ef1c0b89,Anomaly
24,podUID_07ce68ff-421f-4a3b-b777-2d4540cdec4b,Anomaly
25,podUID_098231d7-deaa-4ba0-a720-5eae93523cbd,Anomaly
26,podUID_09c7c8ef-8479-48c8-aa5a-edf13639e35d,Anomaly
27,podUID_0a9ab88b-3d8b-4894-ac42-b68a8528e59b,Anomaly
28,podUID_0b05f834-fba3-47f1-8fd9-8af5266433ee,Normal
29,podUID_0b101bc7-2b48-4b77-9d5f-8a55d657ea65,Normal
30,podUID_0b318265-1eaa-4c92-8c30-fed7ea9b97f5,Normal
31,podUID_0b74ea5a-8503-4569-9ffe-0a4b13d61c2f,Normal
32,podUID_0b7865b1-8102-46f8-9152-4c2fbe561382,Anomaly
33,podUID_0c3586ae-c487-44a3-ac71-6d86f9c63db3,Anomaly
34,podUID_0c71dae0-6ccd-433b-9bb2-a901bcc2532d,Normal
35,podUID_0cd92d05-46a7-4679-9ef6-40554671084c,Normal
36,podUID_0ce4ae88-89f4-4cfc-aa67-ac84d8fca604,Anomaly
37,podUID_0cf780ba-545e-4929-8d64-b33800d18c45,Normal
38,podUID_0d1e2f4f-24bd-4543-ac7c-7decbbc27cda,Anomaly
39,podUID_0d7e7f29-0bd0-407c-884e-690751535ea8,Anomaly
40,podUID_0dc74216-ddac-495a-8fa8-6af6add2f977,Anomaly
41,podUID_0e84a051-809a-44c5-9150-95591b390ced,Anomaly
42,podUID_0ee662b3-59de-45cb-91d5-9d6e82c8d14d,Anomaly
43,podUID_0ef2d26c-158c-4f01-87b8-fd2f2821946e,Anomaly
44,podUID_0f7df47b-9314-4cc1-a645-4132d304d5a6,Normal
45,podUID_0f944feb-6a4d-4b62-9279-cfbbe0921d72,Anomaly
46,podUID_10354392-d881-47ba-a95d-b210dc53b13f,Normal
47,podUID_104ed1ec-c777-4c36-9e65-63d35b46b3c4,Normal
48,podUID_1064a8cb-2ed6-4e7e-8c7f-963f2ed3f1dc,Anomaly
49,podUID_109fec51-cc56-4096-acb4-f4fa17929590,Anomaly
50,podUID_10acf608-1b22-4a84-a2f6-ec49c55b4230,Anomaly
51,podUID_1105abf4-1e27-4e96-a895-0f24a512335a,Normal
52,podUID_118c0ab6-d5f1-4214-ab22-eed19f507983,Anomaly
53,podUID_11c1fe64-b2ea-4154-96bf-3319137c7260,Normal
54,podUID_1233d512-5d86-4f2a-90a5-d8df407db60c,Anomaly
55,podUID_123da124-d4da-4414-8c27-616fc353620a,Anomaly
56,podUID_1249fa8d-98c5-4408-92f9-b6d95ec2c4bb,Anomaly
57,podUID_12fd6ebc-5f48-4c5b-b847-acfe40348ea5,Anomaly
58,podUID_13fd3a9d-48e3-4b16-b3e0-773acd309b7b,Normal
59,podUID_1432607c-82d2-42ee-b7b6-34e7a14a881a,Normal
60,podUID_144e3d07-bf73-45d6-ac59-c5ae1af4efe8,Normal
61,podUID_14c70e61-0d76-44f9-9ebd-994a80e344c5,Normal
62,podUID_14d283fc-c8e0-44b3-91fa-48d55d654857,Normal
63,podUID_15077e29-071f-428e-bfb0-a58a6918ee01,Anomaly
64,podUID_15a97131-c6d4-4e50-b5e0-d443ce3a345f,Normal
65,podUID_15c1d563-8636-42fe-a74e-c6f25079bbae,Anomaly
66,podUID_15ec9fee-3a05-4464-91aa-5c601fb2799a,Anomaly
67,podUID_161dc4ba-1fc4-4ba4-a9d6-4072049b2fe4,Normal
68,podUID_16ecacb3-a94d-4c35-a125-bb9e211f65ed,Anomaly
69,podUID_17172b9e-b464-4fbb-b098-a19f6ba47b44,Anomaly
70,podUID_177b07ce-1a6c-4f5b-835f-b02cb05e7ea5,Normal
71,podUID_17a8c70c-257b-44a0-be6c-e60e77370e2c,Anomaly
72,podUID_17ce728a-a1ee-4d13-96a6-02931f08eeb2,Anomaly
73,podUID_17d4743e-924d-46cc-80a1-f16de79e2536,Normal
74,podUID_17eaa857-2dd9-4325-94ad-97c11c9fe017,Anomaly
75,podUID_17f59ef2-4765-40da-be00-fccd7f4d7490,Normal
76,podUID_18d05324-003f-4e46-b0bc-fb6a9f22865f,Normal
77,podUID_19050480-4f6f-4725-9136-72af7d7f156c,Anomaly
78,podUID_19bd9594-eafe-46f9-8b61-d2d5de48fb37,Normal
79,podUID_19e86708-ca96-4312-aa7e-7885ae3e88eb,Normal
80,podUID_1a1b6cd4-89ac-4863-aeb4-37b2d292dcd9,Normal
81,podUID_1ac9cbcc-a44d-4164-80cd-1ff4ac2d04d1,Anomaly
82,podUID_1ae543bc-38f8-4a58-96a1-e4bf214c9ab1,Anomaly
83,podUID_1b4dd578-a68f-4be0-8a98-5a1d2ce6853a,Anomaly
84,podUID_1b6e0600-ae18-4932-9291-b93355af930d,Anomaly
85,podUID_1b810088-2853-452c-9bf6-40df259a0514,Anomaly
86,podUID_1bc328b6-8fce-4240-ab2d-c0faa313706b,Anomaly
87,podUID_1c0e329e-a75c-4f47-840d-bc3519b6639f,Anomaly
88,podUID_1c5d07fb-8e55-4410-ab89-051d245d46a5,Normal
89,podUID_1cb47ae6-4027-4bf0-a58e-e9aede24a14c,Anomaly
90,podUID_1ccfcf40-9a39-485a-a9c0-1c8cf96dfcaa,Anomaly
91,podUID_1d3854a3-72ad-4700-b88e-befb86987ebd,Anomaly
92,podUID_1d89e52d-9b37-4e07-8342-4a214ab942d9,Normal
93,podUID_1ec21f03-da2e-4a61-bce3-b05ed12ce21c,Anomaly
94,podUID_1ee14827-03c2-4b0d-b6e2-6caca8152079,Normal
95,podUID_1efa1620-f666-42ad-be51-367b0598ce1c,Anomaly
96,podUID_1fcda653-159c-4245-bdea-e5c7f098fbc9,Anomaly
97,podUID_2112733e-75d5-4e19-bd03-5896dc089c77,Anomaly
98,podUID_219844c2-47e4-4246-8ace-f50928ef8e96,Normal
99,podUID_2286e80b-0684-40fc-8a47-fbafafb5d77d,Anomaly
100,podUID_22ac8d52-42e2-43da-9f4d-300dab280e6d,Normal
101,podUID_23835d9f-2af9-468a-a496-c3d7e037d6bd,Anomaly
102,podUID_23d653cd-ef3b-4950-aec7-39db6d648c23,Anomaly
103,podUID_24788f3c-5497-42ec-ac35-899d0ce42fb4,Normal
104,podUID_24eb6f43-7248-4829-99cf-d0a06dbfe92a,Anomaly
105,podUID_254e7b64-2c2b-4024-85d0-8fe5065c7be3,Normal
106,podUID_261d4c76-c8f9-4104-b4c9-dbc4766f668f,Anomaly
107,podUID_261fc248-20e3-4f88-8500-cf4b04d6e5f6,Anomaly
108,podUID_265e4162-ef94-4990-8c86-a305b44cc8cd,Anomaly
109,podUID_2675af81-5af5-41a5-9050-ceacd373e28b,Anomaly
110,podUID_267cd3e9-5063-47d8-a89c-b6c8421da6f1,Anomaly
111,podUID_27759ec2-797e-4146-9cb6-cf356d610ce2,Anomaly
112,podUID_2815f503-1a3a-4e32-9fa6-9e283845cab6,Anomaly
113,podUID_281e2ad9-371c-4021-8414-61410a12e39f,Anomaly
114,podUID_28521d4c-0527-470d-bbfb-09e7b687d4db,Normal
115,podUID_28ac6730-2a58-47e8-80e1-7bbacca36626,Normal
116,podUID_28b824af-eea7-4d8d-9bfd-42ee54ad78d6,Anomaly
117,podUID_29168d77-b084-45a6-b99e-6479676052e8,Anomaly
118,podUID_297d2ff5-6218-4188-b186-20844dfdf1ce,Anomaly
119,podUID_298ac5e5-d91f-42f0-9c9a-3b59c06da963,Normal
120,podUID_29bdfe94-25a5-471b-b472-41df41005b3a,Anomaly
121,podUID_29c3c6e1-e1cb-4e6a-ae57-b463afcdfd4c,Anomaly
122,podUID_2a4b1b99-ea83-4e37-a644-da3f9698ec75,Normal
123,podUID_2a8e2509-6c2f-4798-a0ad-a452d5f3bded,Anomaly
124,podUID_2ac7b111-c8e5-4959-91ba-8c7672cf87aa,Normal
125,podUID_2b295593-3771-4b86-904c-fe929b4ca566,Anomaly
126,podUID_2b4153ba-2244-4f7f-ad3d-7ca14b51f09e,Anomaly
127,podUID_2d2fbbbf-4fdd-45b1-b660-db122f44e1e7,Anomaly
128,podUID_2ea92e15-fc64-493c-803a-e0065d746e2a,Anomaly
129,podUID_2ee7e924-10ba-4a86-8f6c-5a982d1c7f7e,Normal
130,podUID_2f0269c5-5cd3-4aea-8928-80c6ec47cecd,Anomaly
131,podUID_2f5f268d-e4b9-4844-962f-c87fb21f4cdf,Normal
132,podUID_2fae1133-88b4-448a-874a-db95be324d75,Anomaly
133,podUID_3096ede6-7922-4606-a470-b0951b314854,Normal
134,podUID_30ada885-42c7-48c3-b8d2-faf6cb539896,Anomaly
135,podUID_311b7076-46c3-44b9-9e2e-5a324e9039a8,Anomaly
136,podUID_3128d3fb-ee60-4cf2-af47-8f29bcf32dc3,Normal
137,podUID_3147fb34-c1d4-4802-ab32-13caebe41268,Anomaly
138,podUID_3176e2ac-0fd6-4b4d-9bec-2ea45a22c2fc,Anomaly
139,podUID_31e9d47a-c455-4545-aea6-6590c8304043,Anomaly
140,podUID_326e076f-d97e-4c36-b9d9-c03a731f32bc,Anomaly
141,podUID_32b45e74-b431-45de-9874-c5a010c70bbb,Anomaly
142,podUID_32bac3b7-0d5e-4b57-9c5a-d41214e8c719,Normal
143,podUID_344be800-10f2-4d34-a56e-a2fb8287d2b2,Anomaly
144,podUID_34c78c6e-4f39-4b4f-9187-32dc20e48dd5,Anomaly
145,podUID_366e0349-fc31-4ebf-9b87-3934cd8f3685,Normal
146,podUID_36a8c5c8-3b9a-4007-af60-b3cb80ed7110,Anomaly
147,podUID_36f6c1d4-b074-48d8-b13d-bc4ecaf29916,Normal
148,podUID_379f4f7e-53eb-4c3b-b5b2-09fff9a5af41,Normal
149,podUID_37b1768a-3f90-42e2-b0ce-63dac82146ab,Normal
150,podUID_37ca8aca-a90e-46e9-93c6-44ba1f9948f4,Anomaly
151,podUID_37f816c6-7f7f-4afa-b651-eeb56603032b,Normal
152,podUID_38cbacdc-bbbf-4938-b674-1c7f5bb5e3f4,Normal
153,podUID_393fbd51-b16f-49d3-ae64-b946fada8747,Anomaly
154,podUID_3a5d2a46-5210-4334-bffa-eb16d66b3805,Anomaly
155,podUID_3a61c114-841a-40f6-a8c5-9565ebae1e5a,Normal
156,podUID_3a67203a-99bf-4c27-b69e-35b9a1cbe69f,Anomaly
157,podUID_3a9e6465-031e-41d1-95d9-4a7469896045,Anomaly
158,podUID_3b32b765-2c35-4c76-bc41-38266cb9a175,Anomaly
159,podUID_3b962044-f79e-4294-9c1c-cb9eb54fe6a1,Anomaly
160,podUID_3c27ee26-15d9-4e1c-94ff-3171f29953c4,Anomaly
161,podUID_3c800322-bb56-4db5-b307-895461f09a52,Normal
162,podUID_3c91006f-f88a-41ff-a019-a08a9ca1deb7,Anomaly
163,podUID_3cda3592-248a-44c2-9e9c-0a001868c7aa,Anomaly
164,podUID_3d420684-6d83-483a-afcd-0b3bf32f74cf,Normal
165,podUID_3dfd9f1d-a444-4cd6-9dfc-1a7e17106815,Anomaly
166,podUID_3effe907-3b83-4852-88bd-444a406a6934,Anomaly
167,podUID_3fab7d0e-7d4a-4426-b9e8-f240d50e6dfc,Normal
168,podUID_415dc704-a54a-46cf-887b-478e48b23568,Anomaly
169,podUID_41831bf8-9156-416c-b1f2-602ece70f33d,Normal
170,podUID_419336da-ffa6-40cc-9457-55826fdde233,Normal
171,podUID_41ac08f5-ee58-438e-8d61-1ca24c9c6e02,Normal
172,podUID_424c55a8-2390-4841-bd48-95f06f59bdb9,Normal
173,podUID_42a2ae77-9c48-46b7-990f-d052a56e88d8,Anomaly
174,podUID_430230a3-c30d-49ef-b253-9398eeb06756,Normal
175,podUID_43451787-d6eb-4d21-8fe1-5515a3f5020e,Anomaly
176,podUID_439507a2-64da-4d77-ac96-14cd126d0e74,Normal
177,podUID_44d7a078-4be4-47a9-a820-f672e387c010,Normal
178,podUID_451206ad-ff5f-44b0-ad53-2d422835e47c,Anomaly
179,podUID_45618380-052c-43ea-9386-7119f36413c2,Anomaly
180,podUID_45967a78-85c1-4f39-9a4d-e182eee5100d,Anomaly
181,podUID_46502fec-fbc2-4668-b360-62df5064ef93,Normal
182,podUID_46bbfa6a-9274-4c79-8736-f7c424579846,Anomaly
183,podUID_46bd4385-e470-46c3-8b8b-b7d3c3e08c8b,Normal
184,podUID_4730a339-9cf2-4c4d-a898-d4e2c03d54bb,Anomaly
185,podUID_476cf1ec-35aa-4305-be0c-00e9ce82c3b0,Anomaly
186,podUID_478e9e7f-d3ec-408e-ac55-a3a43ef5e7d7,Anomaly
187,podUID_47f2af29-c8b9-4725-8440-31f8fe314e28,Anomaly
188,podUID_47f36a6b-8883-4e79-8232-3a27bf8012c4,Anomaly
189,podUID_490f80cf-9a41-46be-9d52-c7221c6aa1cc,Normal
190,podUID_493e1830-bd54-43aa-90d6-a8bd1fcad03d,Normal
191,podUID_495ceee8-9d04-4a9d-8c13-834660299d91,Anomaly
192,podUID_4b5187e8-bb0c-4a51-a2d3-c944f29ad6a2,Normal
193,podUID_4b7d3c1e-3e5d-4886-9db2-e8140f00195f,Normal
194,podUID_4b874a0d-48b5-4795-9ce6-deec43353e42,Normal
195,podUID_4be83f6c-5fb0-46a3-99a6-8a0f3e45659c,Normal
196,podUID_4bffaedf-5ca6-4e78-8028-4c3ee0603c47,Normal
197,podUID_4c65794c-914c-4b7c-9e31-24c174ec9fc2,Normal
198,podUID_4c72a9b8-25fb-429a-ba68-c6f4b565bb92,Normal
199,podUID_4cfd28a5-b217-4173-8c66-ad999bb8dc23,Anomaly
200,podUID_4edab81a-009f-4a8d-bfaf-0c624e8b959b,Normal
201,podUID_4f085d5f-0ec7-4e57-bed6-461a77b6a411,Normal
202,podUID_4f68335c-f2fc-48df-aa02-23a3ccd9a7e3,Anomaly
203,podUID_4fb7a0f1-8480-4cf5-951e-3de5fbfbf970,Normal
204,podUID_5023eae4-1f45-4dd3-a2d8-63b81218924b,Anomaly
205,podUID_509e8999-6222-454a-8f56-c66948bf4319,Anomaly
206,podUID_50ab300c-8305-4a2b-ae47-4685b4eb1cfb,Anomaly
207,podUID_50f0880c-0667-46b3-8a6a-967fe17f327f,Anomaly
208,podUID_5164183b-6219-40d7-83a3-9a4a92e947ab,Anomaly
209,podUID_51c1176d-477c-4019-99ad-1b62ed50fdd3,Normal
210,podUID_522b78ce-3aeb-45ee-a0d3-af08a0ce4615,Normal
211,podUID_523533a5-36f4-4a34-afd6-8da157b685d8,Anomaly
212,podUID_5285fe41-8cb8-43f7-84cf-3ecb79d2ef3f,Anomaly
213,podUID_52c73c66-d964-48f9-b4f4-faea63c39ac1,Anomaly
214,podUID_52df1378-cd35-41b4-98da-d47cd2851e89,Anomaly
215,podUID_531a2d31-389c-4479-9e7a-d9034007fd96,Normal
216,podUID_535b48f5-e13c-4865-b333-85039bbf94f1,Anomaly
217,podUID_53a2e659-e92d-4d3d-84cd-c7b8597ec3b0,Anomaly
218,podUID_53cd74ee-6012-405a-8e2f-1a242c109f0b,Anomaly
219,podUID_53ea4bba-7065-4cb3-b033-913cd6df5cdd,Normal
220,podUID_55346eac-85a2-4e8d-ba3a-4385f430baac,Normal
221,podUID_55b1abcc-0524-4fce-bab0-df08311d4f01,Anomaly
222,podUID_567146fc-8377-42a2-a34e-3981dd5c114b,Anomaly
223,podUID_57034639-8373-4d76-ac4a-20ab2e207f86,Normal
224,podUID_571a0c9a-8032-448a-b3b6-44c9a8d24a65,Normal
225,podUID_574be26c-0026-4461-a363-7c914d52f3e3,Anomaly
226,podUID_5886bf05-7f55-43e7-8156-a900cea5c0da,Anomaly
227,podUID_589f8b42-60f7-4579-ab2d-6d12313f79f6,Anomaly
228,podUID_58b42e36-49a7-4e2b-89c6-8436a4974daa,Anomaly
229,podUID_58c391aa-8ac9-4d8b-8a0d-c5ca1393e500,Normal
230,podUID_59777264-8e74-4ff4-8918-81426c1ca58c,Anomaly
231,podUID_598b1f7a-d0f3-41af-a423-0d9eab932883,Anomaly
232,podUID_59d0b91b-353c-4f8a-aea8-f69984d047ba,Anomaly
233,podUID_59da6a06-9a39-44c7-8840-11a70e1c4a05,Anomaly
234,podUID_59e86506-82c6-4a91-b67c-17944c501ef5,Normal
235,podUID_5a3329d7-1fbd-4700-bfba-e56e64bb1b35,Anomaly
236,podUID_5a9e4277-2594-4cf3-b30e-1a69c5ee6e0f,Normal
237,podUID_5aec0e59-a80f-42a3-870a-fd2223606809,Normal
238,podUID_5b69fb44-6bf5-4d35-b922-89baf9fa0a85,Normal
239,podUID_5ba3c229-f9da-4a99-a735-6738358629af,Anomaly
240,podUID_5c629c90-a1aa-4558-b362-aab86a4c0ef1,Anomaly
241,podUID_5cb1423c-8f92-4946-9f92-9520f0279045,Anomaly
242,podUID_5cd60798-57ac-4a56-b996-40a29af87319,Anomaly
243,podUID_5da51028-82c0-4850-b8d1-1ee552ae47e5,Normal
244,podUID_5dd275c6-e33b-4c37-8e2e-29cbf897a7ab,Anomaly
245,podUID_5df93edf-6083-4801-88b0-fe6323c368f5,Anomaly
246,podUID_5e07538d-a9ad-4531-9f30-134c72e645e2,Normal
247,podUID_5e1a6827-5894-4ce2-baf7-6e0b5f270602,Anomaly
248,podUID_5eaf0a93-32dc-4cdc-b786-dd90293fbfd1,Normal
249,podUID_5f95ac0b-75db-4854-8fea-5707e321439a,Normal
250,podUID_5fa655c7-37a9-4e53-8060-56b540348fe1,Anomaly
251,podUID_5fad46c6-a27b-46c0-8aa9-0d59b17fb37c,Anomaly
252,podUID_5fae9458-9446-4c98-a4f7-67bb1abb8a5d,Anomaly
253,podUID_5fbe405e-3c9f-45dd-b103-fd71bb89bdfa,Anomaly
254,podUID_60263d51-283c-4be9-a3e5-5f9c835068ab,Normal
255,podUID_604c0d55-de6f-402e-96b6-e5b154b72b69,Anomaly
256,podUID_60da015e-86b5-4d27-83db-44a8581935da,Normal
257,podUID_61f93cb7-7f9f-4116-86e0-25354796bf9e,Anomaly
258,podUID_62227562-18ab-4de8-8068-4ef5c1949cd9,Anomaly
259,podUID_623c6453-f59c-4c55-bca9-b424660c7848,Normal
260,podUID_62c2d280-203d-4da6-8a71-a525062dbacc,Normal
261,podUID_6457cef0-9ce1-41dd-b4cb-63fe7f08511b,Anomaly
262,podUID_64dd9005-c1c8-4b2c-ba5c-90286d260cf8,Anomaly
263,podUID_650a433f-e392-4ad5-96f0-eddef6aa19d6,Anomaly
264,podUID_651e8a36-409b-412f-9bb1-e7ea44ad8f8d,Anomaly
265,podUID_65996ed4-edc8-4c6a-80a1-8a90c396cd1f,Anomaly
266,podUID_65d23595-9aa7-4345-9df1-2afe0e013920,Anomaly
267,podUID_67597d07-7a40-482f-abf9-9484ea4f0e31,Anomaly
268,podUID_67804446-add7-4a91-8209-6dc4b3bcd091,Normal
269,podUID_67c3865e-e7d3-47e3-9e90-6b6501a07fe3,Normal
270,podUID_683c3413-ed11-4d18-a2c0-282d340fff3d,Anomaly
271,podUID_684ff7e5-a9cb-4301-9829-c032c253aea6,Anomaly
272,podUID_6873e618-411b-45b0-92f9-945f9d13f56b,Anomaly
273,podUID_6886037e-2260-4a51-b5e2-89c1b50cc3aa,Anomaly
274,podUID_68ad6f2a-0090-48bc-ab56-939f64e7f3b4,Anomaly
275,podUID_691570da-5667-4b7f-b799-df5e496b8ce2,Normal
276,podUID_693acf3e-033b-43e9-be62-4c862e9ed1f2,Normal
277,podUID_699737e3-2bdf-46d6-b0a9-46e21465689e,Normal
278,podUID_69b946ea-1134-43e1-a4fd-69d54e99ba43,Normal
279,podUID_69d9abd5-19d5-4161-b224-5ffdb798d4c1,Anomaly
280,podUID_69f92ac7-59fc-495f-8cda-279c9e566342,Normal
281,podUID_6a03873b-598e-42a5-90ce-dfae3b91f526,Anomaly
282,podUID_6a276cdb-07e5-46be-bfcd-707138d76485,Normal
283,podUID_6a542174-a57d-4d3a-b855-38f443581e75,Anomaly
284,podUID_6b0aa930-e3fd-4cd8-8490-1754bfef6707,Anomaly
285,podUID_6ba82dc0-7854-4c5f-be9d-1b15d0915a6e,Anomaly
286,podUID_6cc62e40-1270-4d73-8f7b-915aab83c127,Anomaly
287,podUID_6d578b8c-cbe4-4ee6-b37d-311a1870986c,Normal
288,podUID_6d699fda-703a-4159-9bbb-bb275c57ab6b,Anomaly
289,podUID_6d85f19f-2cfd-423c-b8df-4701fac72fe9,Anomaly
290,podUID_6dbeabb2-6694-4cb3-bdf9-59a4215be117,Anomaly
291,podUID_6dd1afdd-09f1-4b5c-9384-d34816d5f922,Normal
292,podUID_6e5a2085-2e7e-42ee-b682-8371557770c5,Normal
293,podUID_6f1b044e-b76d-4a03-a33a-9bad6bd067e6,Anomaly
294,podUID_6f347821-0193-4dea-9182-9871785c7d36,Anomaly
295,podUID_70731d79-a983-405c-bd33-a57c13418dd1,Normal
296,podUID_711b26f2-aa1d-4d4e-b426-c422c2b9d40d,Anomaly
297,podUID_71290e0b-cfdc-4047-b6a4-5fb0506a2607,Anomaly
298,podUID_7152dc1d-efd2-4aea-9e28-e5a995f24b68,Anomaly
299,podUID_7197031c-8d89-4097-bc83-15361867ac37,Anomaly
300,podUID_71edc06d-1c4a-4328-a7dc-1e399e48c042,Normal
301,podUID_72dd0070-c2e3-4a11-9b4e-4aa78f219a0a,Anomaly
302,podUID_72f6b85d-49c2-4851-87a3-6eca5ec35b56,Anomaly
303,podUID_735080cb-388a-4d13-b928-d4a0d79a8c19,Anomaly
304,podUID_7350fa14-c5c7-499e-bfaa-29026855342b,Anomaly
305,podUID_737271c3-c829-4cb7-b085-43521cf6255c,Anomaly
306,podUID_73bd8a5e-9cd6-4743-af0b-0abf71b950e9,Anomaly
307,podUID_73d786f7-5294-4241-93a7-b320595a7c22,Anomaly
308,podUID_73f52775-1687-4923-9647-95f8de8e9a3e,Anomaly
309,podUID_742d33ba-6332-4fe2-b75c-a8980baf7334,Normal
310,podUID_7521254c-9908-486a-a28f-efce80dab152,Anomaly
311,podUID_75549f32-7f1a-4c0a-bd50-1e3bdc01469a,Anomaly
312,podUID_75bb654f-00db-4090-8415-134e1e67d151,Normal
313,podUID_76237339-deb2-4fcf-9da9-679b5d4bb1c0,Anomaly
314,podUID_766c15ff-80d7-4096-a44e-3e2ce22e0ac5,Normal
315,podUID_771258dc-0d7f-4478-b756-ec9eda2ae41e,Anomaly
316,podUID_77609667-8584-4664-b640-f849291268a4,Normal
317,podUID_778403d7-69e8-4c7b-8873-7ee69fcd7e82,Normal
318,podUID_778c6e17-8c2f-4482-bdde-0bd430a58cd0,Anomaly
319,podUID_77d70ff7-615e-4ead-a386-57b4e7d1f01a,Anomaly
320,podUID_78dcfda7-7e06-43e5-a329-077e3c7cf25a,Anomaly
321,podUID_79c5c0e1-41bf-4d85-a9e8-789d83b00014,Normal
322,podUID_7a006f13-e213-4934-a671-3b9451fcf5ef,Normal
323,podUID_7a749972-ebe1-459b-b42f-308832320b6c,Normal
324,podUID_7b0b80b4-eaca-4b8e-847f-cd6ddda7e242,Normal
325,podUID_7b72e611-0fc4-43c0-b9eb-73354a767bcf,Normal
326,podUID_7b799923-faa1-4655-811b-614613d16933,Anomaly
327,podUID_7badbe44-3d59-4907-9ed4-c3d836c4edb3,Normal
328,podUID_7bc9dd29-7a94-4ac8-bfcb-ac0d53f60cc8,Normal
329,podUID_7c23ace5-1add-450b-b4f4-4bfc2ec19e5b,Normal
330,podUID_7cb13e02-2d19-472e-a674-9a0d4e573253,Anomaly
331,podUID_7cccfcf9-ec57-45d3-a8e7-da650c7c6408,Anomaly
332,podUID_7ceffd94-c91a-432d-8452-6a2c521dbed3,Anomaly
333,podUID_7d72a7d4-7d93-48cb-8f35-2550128b2b5a,Anomaly
334,podUID_7e03c6c3-37a6-4267-b6b9-7fa5237cccbc,Normal
335,podUID_7e2d0453-a5d3-412c-bb0f-77d2fa2f6377,Normal
336,podUID_7e98472b-931d-43b7-b17a-87023d692346,Anomaly
337,podUID_7fc02f08-5acb-428d-b03c-c34e8c1923b6,Normal
338,podUID_801b2408-e112-4308-857f-732a4cfbc1bc,Anomaly
339,podUID_801f612f-e12b-4d5e-a325-c1ae461128ad,Anomaly
340,podUID_803f327f-318b-4b50-9975-8f2e33151728,Normal
341,podUID_8053426e-80ba-4c44-9113-80c7d1ade852,Normal
342,podUID_80537161-0c76-43d8-b148-2b0f3c94a333,Anomaly
343,podUID_80b4d3dd-a7e6-4a3d-96ce-2d325ea1eb2f,Anomaly
344,podUID_80beacc0-8c3a-4364-ab2f-fa769b4fce52,Anomaly
345,podUID_80c269b0-b176-41fe-9998-70d363c13eb8,Normal
346,podUID_810a8f7d-917e-459f-83eb-2deac92c7004,Normal
347,podUID_8142bd0b-d7c2-4526-b158-dcf5e433731e,Anomaly
348,podUID_81943ea0-a317-4bca-8eaf-b3ec7eb973eb,Anomaly
349,podUID_81cfe22c-2ad7-4b7b-a63d-2c4ad238d941,Normal
350,podUID_822a740e-60a2-4d65-8c97-946acfa15c4c,Anomaly
351,podUID_82e39d24-a447-4d92-aa0d-8d700cba71a3,Anomaly
352,podUID_8364a7b9-84b6-4a4b-9cb7-bb344935221b,Anomaly
353,podUID_8386f723-b07f-42dc-91b4-aec6cd82bb56,Anomaly
354,podUID_83a0b434-178a-49cf-bd42-39676a802c00,Anomaly
355,podUID_83d7d201-8ccd-43f7-946e-8e9bb0ad641e,Normal
356,podUID_842e69ab-ceec-43a4-9af4-0b7374d88a07,Normal
357,podUID_847bb94a-3af2-4532-a272-7b66de504636,Normal
358,podUID_84bf022b-ee85-475b-9353-cea4f31072bb,Anomaly
359,podUID_8523f534-7ee6-4691-bd9a-5a72baf0610f,Normal
360,podUID_853d16cf-3b2a-4fe7-9806-ee44a5c14e4f,Anomaly
361,podUID_85e1d4c7-b26b-48d0-9641-848676b8a137,Normal
362,podUID_8654b9f7-53eb-475b-9fde-e154036da159,Normal
363,podUID_868eb0dd-0b7c-485c-8b23-09e26137f348,Anomaly
364,podUID_877234bc-4069-4188-8bd2-7b57a615d66b,Anomaly
365,podUID_889ceab5-c229-497b-8a9a-ceabe1214786,Anomaly
366,podUID_892e2b3b-5d71-4d32-928a-59c62328c6f9,Anomaly
367,podUID_89e563af-d7cd-4a02-9a47-77afb84c31a2,Anomaly
368,podUID_8a6a05a3-9fd1-4fbf-867f-f3ad7e03baf3,Anomaly
369,podUID_8b15df15-ca9c-4a0e-8a2f-adf394988683,Anomaly
370,podUID_8c0ecc72-679a-4f25-a6d8-4cc843559670,Anomaly
371,podUID_8c8ce9fb-7165-444e-b851-72f26dc11be1,Normal
372,podUID_8c951285-2250-4cef-9311-8bd937a3790d,Normal
373,podUID_8cb75f27-7068-40b7-840f-82cacf08cb57,Normal
374,podUID_8d5dfcec-4937-4102-a7d9-4be462c55202,Anomaly
375,podUID_8f8123c9-957b-4c2b-b47d-efc0d034562d,Normal
376,podUID_8f9b44c1-129f-4ef1-b660-1976bcfc3299,Anomaly
377,podUID_8fbb1dfc-97bc-44fe-82f0-5feff3b6abef,Normal
378,podUID_90563347-a84a-45e6-b7d9-273669677643,Anomaly
379,podUID_90fc87a1-32e7-41e1-b228-57999fc95a26,Anomaly
380,podUID_9171bdb6-b8d2-404e-9d44-f41f66283a9f,Normal
381,podUID_91fbe12e-7330-4a6c-8965-23c0ab3eae98,Anomaly
382,podUID_92892099-4bc5-4294-b209-07285a96b689,Anomaly
383,podUID_9421cf8d-73c7-4a61-89c9-a32fe078d407,Normal
384,podUID_94c0f385-bacb-4e91-bbf7-92384983d954,Anomaly
385,podUID_94cd4718-7ab8-4d19-91cb-5f933e545d3a,Normal
386,podUID_94d4f1dc-7254-42f3-9e9c-f398b68e5c8b,Normal
387,podUID_95434769-893f-47b6-b975-8ccde9e18f6c,Anomaly
388,podUID_954a08df-f8f7-4165-b685-bbafdd40cc77,Normal
389,podUID_95d0b9f3-7085-468d-8f8a-0665a90e5aea,Anomaly
390,podUID_9684a970-6e5d-414e-88fc-909b04f9e3ee,Anomaly
391,podUID_96bfaf78-4c8f-4726-9388-b957da00c43a,Anomaly
392,podUID_974a011e-56c9-42e9-8fe4-2436eb2b507d,Normal
393,podUID_981efbd8-33bf-4269-a336-351a72254b25,Normal
394,podUID_98702b91-1740-4306-8222-b94573c91912,Normal
395,podUID_997e465c-0f56-4fe3-878a-d29b95106a63,Anomaly
396,podUID_99c311c2-f0d2-4b7e-859a-7b3f35624396,Normal
397,podUID_99cdb4be-c6bd-4565-a9d7-5c6278487b2c,Normal
398,podUID_9a61293f-1659-4f43-acbb-ab4fda44e98f,Normal
399,podUID_9a99ae70-0491-4249-9f43-e34e607a2c88,Normal
400,podUID_9b2f97c3-670d-4b4b-993b-72ab21420b84,Normal
401,podUID_9b45f5de-ba77-4a8c-a7a0-f474f31c83aa,Normal
402,podUID_9b81ece9-1d06-410b-80e5-72ca43d7c4c6,Normal
403,podUID_9b88e740-202e-49a4-8b51-e7af9d1c93b0,Anomaly
404,podUID_9b958b64-2c46-4388-b0b6-15aa8a037dda,Anomaly
405,podUID_9c5b891a-3288-49b4-9755-a17ae1df2570,Normal
406,podUID_9ce3b2a4-dc8f-4a23-b2a7-d1223c64b5a6,Anomaly
407,podUID_9d274606-25a9-4120-b401-dcfc1389153c,Anomaly
408,podUID_9d9c0674-e2fa-41cd-9524-430b586d7f9f,Anomaly
409,podUID_9daeb68e-6b0b-4b1a-b9ec-12dfd1bd6b1b,Anomaly
410,podUID_9dd322c9-bbad-4520-8561-082ed1eccc11,Anomaly
411,podUID_9e0bc1ae-36d5-427f-94e8-0740dca3f484,Anomaly
412,podUID_9e3c0208-819d-4039-91ce-bec80c905dee,Anomaly
413,podUID_9ebf25bd-a8a9-4b7d-b084-9f5d284bebe4,Normal
414,podUID_9ecb7dd7-4f01-4c5c-b3da-b2d5f841bd2c,Anomaly
415,podUID_9ef5ec8e-c539-43e0-97f7-907ddc690a00,Normal
416,podUID_9f02f144-5df0-489e-a2c1-9ef78f0110ad,Normal
417,podUID_9fe02f9e-4c75-4da6-a498-a530a4d3bc12,Anomaly
418,podUID_a0bb9c22-4f15-4abc-a987-ad8083613bd8,Normal
419,podUID_a18e805b-9300-4f30-9098-e74cff5e1d28,Anomaly
420,podUID_a21c98e4-6b31-4f6c-9db3-9fdaf843d566,Anomaly
421,podUID_a2acba15-02ce-4f66-826d-acb3c9fd4300,Anomaly
422,podUID_a2e706b6-822b-4d2a-acd2-4b25a251e48a,Anomaly
423,podUID_a31eacea-9cc4-463b-b34a-5da06cd12042,Anomaly
424,podUID_a328a2d8-6282-4588-b8a3-ed4b68506001,Anomaly
425,podUID_a353f9db-a706-4947-ad7e-7afdec08f607,Anomaly
426,podUID_a50a65b7-7a05-4da4-b427-927b762ffd11,Anomaly
427,podUID_a53d3891-3914-4a9f-b2b7-09b78bfa9d7f,Anomaly
428,podUID_a53ee0c2-0feb-4f54-a67b-48f34f6f65a9,Normal
429,podUID_a6aa8086-8b39-4d43-bfd9-c9ce2cab7788,Anomaly
430,podUID_a7280c52-cfee-43b2-9cc0-e2cf7020e7bc,Normal
431,podUID_a78b46d6-fbdb-459b-8521-7b93937335a1,Normal
432,podUID_a7acd7c8-60e7-4b95-b54c-b8909187c36e,Anomaly
433,podUID_a7ec34ea-9fbb-4b62-9b75-55cba42dfcea,Anomaly
434,podUID_a829b566-2fe4-4de4-a94a-2d1d90b0afdc,Normal
435,podUID_a8682f7e-cba0-4236-aeb6-907d00fe2e3d,Normal
436,podUID_a8cc45b4-ad48-44fd-8eeb-be63e4125e06,Normal
437,podUID_a911d60b-9555-46af-b9e4-e6d4dc87eb5c,Normal
438,podUID_a922f722-d8e9-4af6-b4c5-1b7560320ef6,Anomaly
439,podUID_a99c0907-7de4-42f5-b6f1-c92c350fb9c1,Normal
440,podUID_a9cfbe85-7c42-4c49-b6ff-3285790003c2,Anomaly
441,podUID_a9ef68ce-30a7-4f85-b41f-2288e8f7be95,Anomaly
442,podUID_aa4d8c06-08cc-4fba-b750-fb305585dc40,Normal
443,podUID_aa8d63de-68db-4f9b-8b4b-833592c3dd19,Normal
444,podUID_ac37d912-73a3-41ba-b31d-4bfe49bd2af4,Anomaly
445,podUID_adb99e94-15cc-4b21-9919-0e516a628c19,Anomaly
446,podUID_ae18e73c-d09a-4463-8dce-3155d6697b04,Normal
447,podUID_ae419b6f-7ed8-4b17-b62d-73eff6d8ba0c,Anomaly
448,podUID_af6ed4fd-961b-417c-bffb-7e3a84f5f5d2,Anomaly
449,podUID_af8703a6-9a06-4230-9a6a-943a18649008,Anomaly
450,podUID_afbc3db9-bb6f-49bd-bc00-f170dc81b55f,Anomaly
451,podUID_afda579b-8429-4356-9500-c5c44bd202f2,Normal
452,podUID_b0194b69-c2b0-426d-9fad-d1b5bacb9227,Normal
453,podUID_b072318b-b526-44bd-90d7-cc2d8c81a21e,Anomaly
454,podUID_b07b9908-3e42-4cfb-a144-83f55cf9703a,Anomaly
455,podUID_b10524d0-0d85-4fcd-a13d-69b314075b1d,Normal
456,podUID_b138415d-a9a8-418d-b00c-944b01ce91e7,Anomaly
457,podUID_b15cd558-57c6-4cf2-adf1-099e6c0d81a6,Anomaly
458,podUID_b1a22303-e348-4d6a-b63a-49d31cfc2924,Anomaly
459,podUID_b293fc36-c5b5-45ec-8ef1-86168ae7dde6,Anomaly
460,podUID_b32c9fcb-9411-4f9f-9023-be02fd2995f0,Normal
461,podUID_b3bd8e86-65d5-4a2c-a460-3ccc35a8ea8c,Anomaly
462,podUID_b454747f-bce9-4c9a-aab2-96e9cfb2f72d,Anomaly
463,podUID_b543e659-7322-4589-83bf-c23d42d211e6,Normal
464,podUID_b5659d5c-a6bb-40cd-81ab-8f07f5f3242b,Normal
465,podUID_b5906263-5afc-46ec-9bab-b81e3a57abe0,Normal
466,podUID_b624f88a-cab1-4873-97ea-34c6561cae1d,Normal
467,podUID_b6776779-2916-4f6b-8338-f15373047d52,Anomaly
468,podUID_b6e39a16-ba3a-491a-9b94-c0146f26e8d7,Anomaly
469,podUID_b742dac5-931c-416d-b4a9-e3b3d81fa74e,Anomaly
470,podUID_b82ed210-c6fe-403d-b966-8eec22262b14,Anomaly
471,podUID_b86f72b0-86b7-4b92-a40a-a971dff4fbbc,Anomaly
472,podUID_b98867e1-da11-4bd1-b484-ae0a6c131e6e,Anomaly
473,podUID_b9de4d5c-f5f4-478e-a2eb-1aef8984c754,Anomaly
474,podUID_ba2a24c9-80e7-4621-b850-2298d1925f48,Normal
475,podUID_ba4a1e5b-800d-495c-aa6d-04b8b230d8cc,Anomaly
476,podUID_ba7d52a4-eb9b-4da5-9736-19a81d26de53,Normal
477,podUID_ba844eef-5f9a-401f-bf22-9e5884dccb58,Anomaly
478,podUID_bad3946b-e772-432a-94c9-cf73d1b22526,Anomaly
479,podUID_bae17d4d-9270-4e4c-9756-bed432e78348,Anomaly
480,podUID_bb88a8ed-d233-4d97-9765-74c9568a72fa,Anomaly
481,podUID_bbe88756-3584-4726-afc0-29ab0b99f63a,Anomaly
482,podUID_bc1869ce-5755-4f13-a025-90e9b79a971e,Normal
483,podUID_bc4c261d-96d2-468d-8877-cab86b215b30,Normal
484,podUID_bc66844b-32aa-4ca3-af22-bb9fa7f95dfa,Anomaly
485,podUID_bcb08485-9d91-48ed-b387-b9d38e42ad76,Normal
486,podUID_bd6a19d6-c449-4e97-a5d9-25049aab0c07,Anomaly
487,podUID_bd7f0a71-8856-41b8-acfe-348286aa1f5e,Normal
488,podUID_bd978984-5aeb-4282-9f0f-6964378857df,Normal
489,podUID_bda976d3-8e0c-4523-936f-d28ca08d3a25,Anomaly
490,podUID_be6eacfb-c16b-41da-80c8-9ec5eaabbbb8,Normal
491,podUID_beda1f44-9ece-4931-a138-801a9e00b4f6,Anomaly
492,podUID_bf1b1097-5803-42ba-917a-ea4ce41e837a,Anomaly
493,podUID_bfaa680e-5668-4ee7-8e53-74546a1a151e,Normal
494,podUID_bffa65ec-c98f-49f5-be9b-c5a545178195,Anomaly
495,podUID_c0dafcc7-55c8-4d17-bb6b-f19108e13e96,Anomaly
496,podUID_c0e697d5-3280-4cd7-9c16-78fc8492dac8,Anomaly
497,podUID_c172186c-754b-488b-8aba-8cc3f62af6d7,Normal
498,podUID_c1920a62-7a26-4a1d-b805-33a3d59f9447,Anomaly
499,podUID_c28b2225-4ca1-4ab8-b57c-33b0b30ed90b,Normal
500,podUID_c37bf7af-c788-487a-83b1-8db582745c8b,Normal
501,podUID_c37c2d2f-df66-4452-86ce-395424d093aa,Normal
502,podUID_c38f1198-bf5f-4115-bee5-f75f07639600,Normal
503,podUID_c4083ad7-e167-4588-9369-1c73d1ccfc0d,Anomaly
504,podUID_c423cfec-db45-405a-a324-41071e504e4a,Normal
505,podUID_c572496c-28df-4569-8e4c-354e80583705,Anomaly
506,podUID_c5a5b534-cefe-4181-a834-2b961d420d39,Normal
507,podUID_c6762b1f-602a-4c1a-a6bf-1192d64185ff,Anomaly
508,podUID_c68efa36-c971-4dfb-901a-914d6b42470f,Anomaly
509,podUID_c6944fef-c04b-41a8-93ea-392ac103225b,Normal
510,podUID_c7bd8a8e-72d9-4f8d-9339-5c272fe77ffa,Normal
511,podUID_c83deaa7-7a69-4ceb-93b2-5adf4de7eab2,Anomaly
512,podUID_c893c0fb-961b-434f-8571-d97ca6b53392,Anomaly
513,podUID_c8f566b5-1176-4d5c-b441-9f714f98e36f,Anomaly
514,podUID_c9019e35-ba60-414c-9e70-8239c06c7afa,Anomaly
515,podUID_c989eb00-256b-41c2-a864-50dd795c53da,Normal
516,podUID_c9e2d9bd-aec8-4a1d-aeb6-5181b593c562,Anomaly
517,podUID_c9e43a7d-a52d-4a74-a72a-fd1bc7bfee9f,Normal
518,podUID_ca2f327d-57c3-4f91-9eaf-40a71b95b97f,Anomaly
519,podUID_ca9e72b6-3d38-4e78-a289-36554fbd729a,Normal
520,podUID_cb139a21-6981-4482-ad44-f9323fd2957e,Normal
521,podUID_cb3caee0-a1de-4652-95d4-78291ea5e4c9,Anomaly
522,podUID_cb849f6c-7cf7-42e7-8d22-1980e4e02d60,Normal
523,podUID_cbce2d19-5234-4dfe-9eb4-01c7a3084c88,Anomaly
524,podUID_cbdb3097-5a79-461a-849e-8f045d632677,Anomaly
525,podUID_cc13e020-39b3-4879-9236-0ee9d760f696,Normal
526,podUID_cc1fa33f-aef2-4cb8-abdb-a2564aaa8916,Normal
527,podUID_cc4193c0-20cb-4b3a-8b2a-cd4b947669db,Anomaly
528,podUID_ccfa85a7-76e1-45f5-a162-a4e392cb9230,Anomaly
529,podUID_cdb4d689-f8cb-476d-b631-d720e3f08b5c,Anomaly
530,podUID_ce0c23e4-cf8f-46d7-8970-0bc271956348,Normal
531,podUID_ce1ceb5e-3d7e-479d-97ab-b919046ea49e,Normal
532,podUID_ce753f65-8a56-404d-a8da-af0d9506f64f,Anomaly
533,podUID_ceb2bb6f-d962-4f4d-94e5-ecb31d5e007c,Anomaly
534,podUID_cf9c0743-6801-434f-a0f7-78434a1e5e4e,Anomaly
535,podUID_d0bf8891-9955-48e9-8b02-51a54cab6858,Normal
536,podUID_d159d2bb-a626-41b1-9885-cbafef1b7e46,Anomaly
537,podUID_d1b8a785-1a53-4185-a822-33250c884a8e,Anomaly
538,podUID_d1bcae66-5031-440f-b668-ddfe0c39c334,Anomaly
539,podUID_d1d0c332-d39a-4ae0-a2fe-63e2b3a5d71c,Anomaly
540,podUID_d224c89b-a38e-43a2-96b3-dadb57b0464c,Normal
541,podUID_d29ac190-902a-4b47-bec6-b63579bdfaa5,Anomaly
542,podUID_d2b5264a-36c7-4928-8135-4f7c8db16374,Normal
543,podUID_d3228c46-a695-4005-af97-641bc320bbd9,Normal
544,podUID_d36c6caa-1813-4097-b575-c4863df58a6b,Normal
545,podUID_d39fa71c-5b63-4287-ab7d-eac560329d9b,Anomaly
546,podUID_d3c4f713-0d43-426c-ade4-5b7220277a77,Anomaly
547,podUID_d4070f17-7fc4-492a-a207-c6380657b91d,Normal
548,podUID_d4a35df2-e9e1-4f33-9a05-87df9b235edc,Normal
549,podUID_d4b8abed-94ae-4524-ba54-7167b245b8c3,Anomaly
550,podUID_d52864f5-12b0-4984-9c22-90d1df0c7185,Anomaly
551,podUID_d53a6cd9-48c1-4046-bf03-9966a43bdf8b,Anomaly
552,podUID_d559f790-6f8c-4b0a-b5df-769977967430,Anomaly
553,podUID_d55dd291-91d2-4f07-9028-a11c7e29eec2,Anomaly
554,podUID_d598c000-3b90-42d3-8f30-1d00046b03a8,Anomaly
555,podUID_d5d4eb8f-87e9-4bcf-945d-8a06c28b2d24,Anomaly
556,podUID_d5d8b079-dd7e-488a-a9d8-1df11dba0c50,Anomaly
557,podUID_d61890dc-9862-44d1-b495-663bc70b2d3a,Normal
558,podUID_d623652d-76e7-400e-ad69-e0c84b20e898,Normal
559,podUID_d77bb5ea-e16b-4b34-81fd-b6839d7a6ecd,Normal
560,podUID_d7dda63c-04b6-4ee3-9abf-fc8c3bd85580,Normal
561,podUID_d9328e45-a723-46aa-8636-c8b501020bd4,Normal
562,podUID_d9c73f81-39c5-440b-af6e-39524a02a80d,Normal
563,podUID_db1563a6-9031-4f01-93ab-aaafa15359e4,Normal
564,podUID_db33358e-fa8a-4033-98f1-447757788a12,Anomaly
565,podUID_dba6f3e4-c646-4fbc-a805-c2a5a86f0018,Anomaly
566,podUID_dbaf9904-3757-4281-bd29-7ccdc82f4809,Anomaly
567,podUID_dc87ac19-fc53-414a-a7ee-9c3f1cbc30c9,Anomaly
568,podUID_dcc0367f-ea41-4c82-a099-d4492a3617c1,Anomaly
569,podUID_dcc12816-1777-42eb-90da-53e233027bcb,Anomaly
570,podUID_dcc93943-4081-4fbd-afa6-eb9efab5b61e,Normal
571,podUID_dceb5465-0798-4637-b824-90dec37c7a05,Normal
572,podUID_dd08f858-0fc3-4a18-9931-707079e88ea4,Normal
573,podUID_dd557440-af91-4cad-8e8c-f9875d8b6db3,Normal
574,podUID_ddea84c4-16c1-4d14-b08b-809712013f1d,Normal
575,podUID_de10ef09-788f-4103-8d49-0ac1937cb55b,Normal
576,podUID_de59707d-7a6b-4825-be9a-1c508f5b8404,Normal
577,podUID_de9b06f4-b224-46e0-8c49-a6f45334f704,Anomaly
578,podUID_deb6c141-2bfe-4780-8fd8-ac0c3e7c97e6,Normal
579,podUID_df38fa10-b4a1-42f0-8ec4-e0dbc9feaa78,Anomaly
580,podUID_df8d0103-f97a-43db-8b1a-cd8e697be499,Normal
581,podUID_df9ef157-4fa9-4e2a-b114-f5192a985658,Anomaly
582,podUID_e066f43a-f282-43b9-9bf2-8c9965e1ba97,Anomaly
583,podUID_e0b7269d-8d4e-4d27-9f15-c5af662e98d1,Normal
584,podUID_e0f13412-e4a4-4854-9d29-4f37ba255930,Anomaly
585,podUID_e106201e-8694-49e4-b2cd-d856d6b34427,Anomaly
586,podUID_e18904af-b2ff-4d99-93d2-37e0e91d1631,Anomaly
587,podUID_e1cf0af0-3d98-412b-9042-000b44ba1b24,Normal
588,podUID_e20cad63-3f94-43ea-bce6-43cc8cca5816,Normal
589,podUID_e2ba61e2-8b1e-47a4-91f1-ff471b17a88b,Normal
590,podUID_e2bc96d1-3266-4322-b7fc-49000e7191d4,Anomaly
591,podUID_e369c698-d876-47ae-99d2-00bbb78d7ca4,Anomaly
592,podUID_e3700c4d-23b4-496f-bbe6-55eaf7a6cea1,Normal
593,podUID_e3712024-0547-40ee-8eae-cff59b96ecb9,Normal
594,podUID_e3b6b81a-e9b7-4f78-8509-be0b860e17eb,Normal
595,podUID_e3bf9d76-1d2c-4c74-949d-424610a9b5c1,Anomaly
596,podUID_e59d7e38-99b9-4a1f-97b8-73887e9ed826,Anomaly
597,podUID_e5cfe6e5-dafc-4023-8467-0b0fb28f0750,Anomaly
598,podUID_e5d54197-997a-4b7b-a5de-8f7c76107ee5,Anomaly
599,podUID_e63f03ab-538c-4449-8dc2-027b9a3efa56,Anomaly
600,podUID_e6506e5f-0fbe-4dc9-a4dd-8d942de922db,Anomaly
601,podUID_e6b76aa7-22ff-448c-8b35-ac42f9f59d21,Anomaly
602,podUID_e7dcdc1e-3b02-4b56-b823-b35aa31ec4c4,Anomaly
603,podUID_e7f8be6f-e844-4a40-a3cb-c957ec46814b,Anomaly
604,podUID_e831cd9e-c9b5-43c1-9b8e-ff9b5dc6219e,Normal
605,podUID_e84549d6-7286-454a-a505-abcb80207b50,Normal
606,podUID_e874cf66-f530-46fe-90b9-29a3c95a25a5,Anomaly
607,podUID_e8ee3b14-d455-4eaf-a0f5-5bf0804601d3,Anomaly
608,podUID_e9068171-cec4-4322-a52c-d2b19a2ef609,Anomaly
609,podUID_e935f2e4-af5e-44a3-9510-3129462581c7,Normal
610,podUID_e9babda4-e980-4f14-9421-76404e317433,Normal
611,podUID_ea37cdad-501c-4109-818f-902e608ad030,Anomaly
612,podUID_ea696c35-7644-4908-933f-2607c1b9702f,Normal
613,podUID_eb122d51-1bbc-47fc-b17e-afbb446e86a3,Normal
614,podUID_eb13ac1e-35aa-41fe-8cd0-ccbb7c45221f,Anomaly
615,podUID_eb4cf522-6d6e-4a54-8c56-a3d5f9500022,Anomaly
616,podUID_eb6c49d8-f5af-4c91-a8bf-79d5ac4a219d,Normal
617,podUID_ec0c85ef-2d0d-4731-a28b-04c19c7b2d2a,Anomaly
618,podUID_ecb54b71-f068-4974-80af-d3aafc6114b4,Anomaly
619,podUID_ecff122d-59bf-4e8f-832d-824dbc14ed0f,Anomaly
620,podUID_ed1bf049-9fc6-42b9-a4b9-c30993de9aa6,Anomaly
621,podUID_ed3b003e-308b-4125-9c1d-e20677f0b867,Anomaly
622,podUID_ed43dce4-bd34-4a15-ad4c-9e2d966da6f9,Anomaly
623,podUID_ed6077a8-051e-4640-a8d3-231657fca501,Normal
624,podUID_ed66132c-a978-4d62-8d0a-c06be145c159,Normal
625,podUID_ed793655-8a38-4058-8fc4-770539b7be87,Anomaly
626,podUID_edd55daa-0dc0-44b2-a7a0-9b0134e108eb,Normal
627,podUID_ee0b92b0-7735-4f3e-91fd-af120e78626b,Anomaly
628,podUID_ee26742b-32a1-4c91-ad11-5786ae5fda08,Normal
629,podUID_ee5dd976-b745-4b9e-a9e7-90e6dc326589,Anomaly
630,podUID_ee6baba0-32b1-4667-959a-8f1003ed4dcc,Anomaly
631,podUID_eeaf3295-b0bb-478c-9aaa-2d6ae5c9fab8,Normal
632,podUID_eeeaf104-d636-48d0-a689-7f7921c400b2,Normal
633,podUID_ef18e049-51f3-4db3-bd35-ffda5936737d,Anomaly
634,podUID_ef4d1e3e-5cbd-4db5-8fd6-1e1ebb05a8e8,Normal
635,podUID_ef64dd49-d113-46ed-bdbb-7b504545e34c,Anomaly
636,podUID_ef6c123b-8fac-45ad-8564-bc47d9dd185f,Normal
637,podUID_efb5689b-f4c6-41a5-abd8-ab30f02bc872,Anomaly
638,podUID_f08dc0ea-06f3-42fb-9c55-5f5e1700ce43,Anomaly
639,podUID_f0c809df-7282-4617-b7d3-b8e9b5b5b562,Anomaly
640,podUID_f0f74867-fb05-4d53-bb3a-c9ddff454fa2,Normal
641,podUID_f11df653-bda5-427f-97a2-1298561cc4b2,Anomaly
642,podUID_f12e8e56-e9fe-4542-9bbd-d9c5e2019f67,Anomaly
643,podUID_f184d8e5-c2af-4317-9ece-796c3ed1cf97,Anomaly
644,podUID_f2e4611d-fefe-4992-9c6f-a78627607c46,Anomaly
645,podUID_f2e4e3bb-8cbb-44a0-a2ff-64ff9e718d75,Normal
646,podUID_f32e0c38-8af5-41f0-aec7-f7bf09a0aca2,Anomaly
647,podUID_f35930a7-f25c-4511-b281-ef067fdab820,Anomaly
648,podUID_f35d4421-8e3d-490f-9912-f2b1c41b38a4,Normal
649,podUID_f372a1e6-f685-41b4-a7fb-9fd2e6b78f5b,Anomaly
650,podUID_f3bc21d4-f5c2-4361-a21b-59ac5f942d18,Anomaly
651,podUID_f3e8ad09-71ce-4c2b-8116-27ce691964eb,Anomaly
652,podUID_f409d609-3f9d-402e-82e7-0e4d256c472f,Anomaly
653,podUID_f4c4c145-0613-4d9f-88a9-7386bf2a6da0,Anomaly
654,podUID_f5bd02e9-ef32-4069-80a3-3f181e249b14,Anomaly
655,podUID_f5f20b54-f730-4d28-a83c-fbb9ce9c47c0,Normal
656,podUID_f717898a-17c2-4579-a12d-4102b82db19e,Normal
657,podUID_f72ebcfb-3381-47d4-9a8b-8a095dee9dad,Anomaly
658,podUID_f73cfe0b-c77d-4b0c-b7da-c06264026754,Normal
659,podUID_f799661a-173d-46f5-8762-121eecd9068c,Normal
660,podUID_f7af566f-7b63-4cf8-8f73-640a774e32d9,Anomaly
661,podUID_f8093af3-467d-4508-8e1b-0488dc58c181,Anomaly
662,podUID_f82e2079-244c-4141-9642-809400702e9a,Normal
663,podUID_f8c6d437-f5cd-455d-92c7-a311c841238a,Anomaly
664,podUID_f8dcb7a5-54b2-4ecb-b4f4-0cf9e9021d71,Normal
665,podUID_f95bc1cf-cfc4-4fd6-a1cb-af8dc3b784d3,Normal
666,podUID_f9a32d0f-ad8b-466e-91b1-e7af4d37be0a,Normal
667,podUID_f9c9abc2-0e0b-46cb-a157-f2c23ed84252,Normal
668,podUID_fbd098cc-9906-47e3-a9ac-f9707547223e,Anomaly
669,podUID_fc0e8d47-387e-4aea-ade6-dbc97cffce2a,Normal
670,podUID_fc1b33ab-2492-43a0-b8e9-b5a2e1e17804,Normal
671,podUID_fc524ce0-25a8-4754-92c1-0bea0f8a5aaa,Anomaly
672,podUID_fc54db38-505a-4556-8903-2574d7233a2a,Anomaly
673,podUID_fcb7e8a6-225e-4757-8253-af8c7167928e,Normal
674,podUID_fd530a96-0e6c-4172-a88f-e342b6f4bce9,Anomaly
675,podUID_fd5d155f-2e38-47bf-8865-b73e95359ca6,Anomaly
676,podUID_fd940a9d-70af-4508-a84c-b11d43994d06,Anomaly
677,podUID_fdb045db-330d-44e9-a15c-63fe6dd7319b,Anomaly
678,podUID_fdcb8c27-0e18-4883-8fad-3c050e30466a,Normal
679,podUID_fe267215-f943-4463-aa1b-a1528c0b39cf,Normal
680,podUID_fe5f2aea-ecaf-461d-9716-39db78b1cedd,Anomaly
681,podUID_fe6d810d-331f-483b-8894-0a3e200d370b,Anomaly
682,podUID_fe84c538-4220-45c9-a408-8314f6d538e7,Anomaly
683,podUID_fe978411-02d7-45bd-9614-b64aee04cbec,Normal
684,podUID_ff33d00b-fcb5-4fc9-bce0-bd1b9c78a058,Normal
685,podUID_ff3710b6-f273-497a-ae4c-35ff9607e291,Anomaly
686,podUID_ff5bc20d-3ab2-4337-ab9c-86ab9536b0d3,Anomaly
687,podUID_ff8f34b3-cbb1-46dd-ad19-e12fa133fc5a,Anomaly
688,pod_cran1_po-cran1-cpcl-0,Normal
689,pod_cran1_po-cran1-cpcl-1,Anomaly
690,pod_cran1_po-cran1-cpif-0,Anomaly
691,pod_cran1_po-cran1-cpif-1,Normal
692,pod_cran1_po-cran1-cpnb-0,Normal
693,pod_cran1_po-cran1-cpnb-1,Normal
694,pod_cran1_po-cran1-cpnrt-0,Normal
695,pod_cran1_po-cran1-cpnrt-1,Anomaly
696,pod_cran1_po-cran1-trsconfig-5596f9cf6d-jrjmt,Normal
697,pod_cran1_po-cran1-upue-0,Normal
698,pod_cran1_po-cran1-upue-10,Normal
699,pod_cran1_po-cran1-upue-12,Normal
700,pod_cran1_po-cran1-upue-13,Anomaly
701,pod_cran1_po-cran1-upue-14,Anomaly
702,pod_cran1_po-cran1-upue-16,Normal
703,pod_cran1_po-cran1-upue-17,Normal
704,pod_cran1_po-cran1-upue-19,Normal
705,pod_cran1_po-cran1-upue-20,Normal
706,pod_cran1_po-cran1-upue-22,Normal
707,pod_cran1_po-cran1-upue-24,Normal
708,pod_cran1_po-cran1-upue-29,Anomaly
709,pod_cran1_po-cran1-upue-39,Normal
710,pod_cran1_po-cran1-upue-41,Anomaly
711,pod_cran1_po-cran1-upue-7,Normal
712,pod_cran2_nonsyslog-logsimulator-55f8878898-2pqhq,Normal
713,pod_cran2_nonsyslog-logsimulator-55f8878898-59r4k,Normal
714,pod_cran2_nonsyslog-logsimulator-55f8878898-9sltr,Normal
715,pod_cran2_nonsyslog-logsimulator-5bfc5b9bcf-k2nmc,Normal
716,pod_cran2_nonsyslog-logsimulator-5bfc5b9bcf-qcbbs,Normal
717,pod_cran2_nonsyslog-logsimulator-5bfc5b9bcf-qggtn,Normal
718,pod_cran2_nonsyslog-logsimulator-6474885dcc-2xl2x,Normal
719,pod_cran2_nonsyslog-logsimulator-6474885dcc-2xnbs,Normal
720,pod_cran2_nonsyslog-logsimulator-6474885dcc-564zj,Normal
721,pod_cran2_nonsyslog-logsimulator-6474885dcc-58kzr,Normal
722,pod_cran2_nonsyslog-logsimulator-6474885dcc-68vnw,Normal
723,pod_cran2_nonsyslog-logsimulator-6474885dcc-9x67d,Normal
724,pod_cran2_nonsyslog-logsimulator-6474885dcc-bkv95,Normal
725,pod_cran2_nonsyslog-logsimulator-6474885dcc-brrj4,Normal
726,pod_cran2_nonsyslog-logsimulator-6474885dcc-cdmws,Normal
727,pod_cran2_nonsyslog-logsimulator-6474885dcc-cs22v,Normal
728,pod_cran2_nonsyslog-logsimulator-6474885dcc-dn27l,Normal
729,pod_cran2_nonsyslog-logsimulator-6474885dcc-fnznd,Normal
730,pod_cran2_nonsyslog-logsimulator-6474885dcc-gbmkm,Normal
731,pod_cran2_nonsyslog-logsimulator-6474885dcc-kdhxg,Normal
732,pod_cran2_nonsyslog-logsimulator-6474885dcc-nbtg8,Normal
733,pod_cran2_nonsyslog-logsimulator-6474885dcc-pknfm,Normal
734,pod_cran2_nonsyslog-logsimulator-6474885dcc-sv5zs,Normal
735,pod_cran2_nonsyslog-logsimulator-6474885dcc-wf25b,Normal
736,pod_cran2_nonsyslog-logsimulator-6548dd7996-w4nzw,Normal
737,pod_cran2_nonsyslog-logsimulator-6548dd7996-z4hnc,Normal
738,pod_cran2_nonsyslog-logsimulator-674d4845dc-2br4d,Normal
739,pod_cran2_nonsyslog-logsimulator-674d4845dc-4v48n,Normal
740,pod_cran2_nonsyslog-logsimulator-674d4845dc-72g86,Normal
741,pod_cran2_nonsyslog-logsimulator-674d4845dc-74b7m,Normal
742,pod_cran2_nonsyslog-logsimulator-674d4845dc-7h7hg,Normal
743,pod_cran2_nonsyslog-logsimulator-674d4845dc-9dk4c,Normal
744,pod_cran2_nonsyslog-logsimulator-674d4845dc-bdjq2,Normal
745,pod_cran2_nonsyslog-logsimulator-674d4845dc-bqws2,Normal
746,pod_cran2_nonsyslog-logsimulator-674d4845dc-d6x78,Normal
747,pod_cran2_nonsyslog-logsimulator-674d4845dc-dshsc,Normal
748,pod_cran2_nonsyslog-logsimulator-674d4845dc-fzhrl,Normal
749,pod_cran2_nonsyslog-logsimulator-674d4845dc-g6kr2,Normal
750,pod_cran2_nonsyslog-logsimulator-674d4845dc-h4z44,Normal
751,pod_cran2_nonsyslog-logsimulator-674d4845dc-jlk65,Normal
752,pod_cran2_nonsyslog-logsimulator-674d4845dc-jwwdz,Normal
753,pod_cran2_nonsyslog-logsimulator-674d4845dc-k7jhb,Normal
754,pod_cran2_nonsyslog-logsimulator-674d4845dc-lcmql,Normal
755,pod_cran2_nonsyslog-logsimulator-674d4845dc-lsltd,Normal
756,pod_cran2_nonsyslog-logsimulator-674d4845dc-ltvf6,Normal
757,pod_cran2_nonsyslog-logsimulator-674d4845dc-lxp7z,Normal
758,pod_cran2_nonsyslog-logsimulator-674d4845dc-nszmp,Normal
759,pod_cran2_nonsyslog-logsimulator-674d4845dc-pdm68,Normal
760,pod_cran2_nonsyslog-logsimulator-674d4845dc-pxdj8,Normal
761,pod_cran2_nonsyslog-logsimulator-674d4845dc-q8q9t,Normal
762,pod_cran2_nonsyslog-logsimulator-674d4845dc-rnnkl,Normal
763,pod_cran2_nonsyslog-logsimulator-674d4845dc-sxm6x,Normal
764,pod_cran2_nonsyslog-logsimulator-674d4845dc-tfttp,Normal
765,pod_cran2_nonsyslog-logsimulator-674d4845dc-trtf8,Normal
766,pod_cran2_nonsyslog-logsimulator-674d4845dc-w45ft,Normal
767,pod_cran2_nonsyslog-logsimulator-674d4845dc-w54j9,Normal
768,pod_cran2_nonsyslog-logsimulator-674d4845dc-x9chc,Normal
769,pod_cran2_nonsyslog-logsimulator-674d4845dc-zp9c6,Normal
770,pod_cran2_nonsyslog-logsimulator-674d4845dc-ztnmd,Normal
771,pod_cran2_nonsyslog-logsimulator-7577594495-ccj2f,Normal
772,pod_cran2_nonsyslog-logsimulator-7577594495-fhxl9,Normal
773,pod_cran2_nonsyslog-logsimulator-7577594495-gn8gw,Normal
774,pod_cran2_nonsyslog-logsimulator-7577594495-hzbwg,Normal
775,pod_cran2_nonsyslog-logsimulator-7577594495-kkn6l,Normal
776,pod_cran2_nonsyslog-logsimulator-7577594495-qf48j,Normal
777,pod_cran2_nonsyslog-logsimulator-7577594495-s5llb,Normal
778,pod_cran2_nonsyslog-logsimulator-79985f4c76-2snk4,Normal
779,pod_cran2_nonsyslog-logsimulator-79985f4c76-4zlx7,Normal
780,pod_cran2_nonsyslog-logsimulator-79985f4c76-cjvrk,Normal
781,pod_cran2_nonsyslog-logsimulator-79985f4c76-l58jb,Normal
782,pod_cran2_nonsyslog-logsimulator-79985f4c76-n45dm,Normal
783,pod_cran2_nonsyslog-logsimulator-79985f4c76-qbpvb,Normal
784,pod_cran2_nonsyslog-logsimulator-79985f4c76-r67c8,Normal
785,pod_cran2_nonsyslog-logsimulator-79985f4c76-r8wjt,Normal
786,pod_cran2_nonsyslog-logsimulator-79985f4c76-s6scs,Normal
787,pod_cran2_nonsyslog-logsimulator-79985f4c76-vzg8l,Normal
788,pod_cran2_nonsyslog-logsimulator-79985f4c76-z4fkl,Normal
789,pod_cran2_nonsyslog-logsimulator-79985f4c76-zbwg6,Normal
790,pod_cran2_nonsyslog-logsimulator-7f66db84d6-64hmt,Normal
791,pod_cran2_nonsyslog-logsimulator-7f66db84d6-7mbfv,Normal
792,pod_cran2_nonsyslog-logsimulator-7f66db84d6-9nxnx,Normal
793,pod_cran2_nonsyslog-logsimulator-7f66db84d6-dbwz4,Normal
794,pod_cran2_nonsyslog-logsimulator-7f66db84d6-mm7hq,Normal
795,pod_cran2_nonsyslog-logsimulator-7f66db84d6-phmkd,Normal
796,pod_cran2_nonsyslog-logsimulator-7f66db84d6-qvrmg,Normal
797,pod_cran2_nonsyslog-logsimulator-7f66db84d6-wp7td,Normal
798,pod_cran2_nonsyslog-logsimulator-7f66db84d6-zp4w7,Normal
799,pod_cran2_nonsyslog-logsimulator-bc965ff7c-2jfhm,Normal
800,pod_cran2_nonsyslog-logsimulator-bc965ff7c-2n8bj,Normal
801,pod_cran2_nonsyslog-logsimulator-bc965ff7c-48rwn,Normal
802,pod_cran2_nonsyslog-logsimulator-bc965ff7c-4mr58,Normal
803,pod_cran2_nonsyslog-logsimulator-bc965ff7c-4snqb,Normal
804,pod_cran2_nonsyslog-logsimulator-bc965ff7c-5lhbl,Normal
805,pod_cran2_nonsyslog-logsimulator-bc965ff7c-5tlq5,Normal
806,pod_cran2_nonsyslog-logsimulator-bc965ff7c-64q2b,Normal
807,pod_cran2_nonsyslog-logsimulator-bc965ff7c-64xc7,Normal
808,pod_cran2_nonsyslog-logsimulator-bc965ff7c-69ggx,Normal
809,pod_cran2_nonsyslog-logsimulator-bc965ff7c-6fsqh,Normal
810,pod_cran2_nonsyslog-logsimulator-bc965ff7c-6ghmr,Normal
811,pod_cran2_nonsyslog-logsimulator-bc965ff7c-7dmsm,Normal
812,pod_cran2_nonsyslog-logsimulator-bc965ff7c-7g4cp,Normal
813,pod_cran2_nonsyslog-logsimulator-bc965ff7c-7wvhx,Normal
814,pod_cran2_nonsyslog-logsimulator-bc965ff7c-7zswh,Normal
815,pod_cran2_nonsyslog-logsimulator-bc965ff7c-85wfg,Normal
816,pod_cran2_nonsyslog-logsimulator-bc965ff7c-8lbj2,Normal
817,pod_cran2_nonsyslog-logsimulator-bc965ff7c-8nvtl,Normal
818,pod_cran2_nonsyslog-logsimulator-bc965ff7c-bks5n,Normal
819,pod_cran2_nonsyslog-logsimulator-bc965ff7c-bpp69,Normal
820,pod_cran2_nonsyslog-logsimulator-bc965ff7c-bsgdl,Normal
821,pod_cran2_nonsyslog-logsimulator-bc965ff7c-cgdzz,Normal
822,pod_cran2_nonsyslog-logsimulator-bc965ff7c-dpxpz,Normal
823,pod_cran2_nonsyslog-logsimulator-bc965ff7c-dr672,Normal
824,pod_cran2_nonsyslog-logsimulator-bc965ff7c-dtdq2,Normal
825,pod_cran2_nonsyslog-logsimulator-bc965ff7c-dv4fl,Normal
826,pod_cran2_nonsyslog-logsimulator-bc965ff7c-f2x5j,Normal
827,pod_cran2_nonsyslog-logsimulator-bc965ff7c-fdb82,Normal
828,pod_cran2_nonsyslog-logsimulator-bc965ff7c-fs4z5,Normal
829,pod_cran2_nonsyslog-logsimulator-bc965ff7c-g2wrj,Normal
830,pod_cran2_nonsyslog-logsimulator-bc965ff7c-g7d94,Normal
831,pod_cran2_nonsyslog-logsimulator-bc965ff7c-gf4r7,Normal
832,pod_cran2_nonsyslog-logsimulator-bc965ff7c-gqfg7,Normal
833,pod_cran2_nonsyslog-logsimulator-bc965ff7c-h5x7g,Normal
834,pod_cran2_nonsyslog-logsimulator-bc965ff7c-h76wh,Normal
835,pod_cran2_nonsyslog-logsimulator-bc965ff7c-hkpht,Normal
836,pod_cran2_nonsyslog-logsimulator-bc965ff7c-hnsk2,Normal
837,pod_cran2_nonsyslog-logsimulator-bc965ff7c-hrftf,Normal
838,pod_cran2_nonsyslog-logsimulator-bc965ff7c-hwgv7,Normal
839,pod_cran2_nonsyslog-logsimulator-bc965ff7c-j7plp,Normal
840,pod_cran2_nonsyslog-logsimulator-bc965ff7c-jcbxp,Normal
841,pod_cran2_nonsyslog-logsimulator-bc965ff7c-jp2wr,Normal
842,pod_cran2_nonsyslog-logsimulator-bc965ff7c-kj8nk,Normal
843,pod_cran2_nonsyslog-logsimulator-bc965ff7c-kjq9w,Normal
844,pod_cran2_nonsyslog-logsimulator-bc965ff7c-kp8ms,Normal
845,pod_cran2_nonsyslog-logsimulator-bc965ff7c-ksjgk,Normal
846,pod_cran2_nonsyslog-logsimulator-bc965ff7c-ld9jn,Normal
847,pod_cran2_nonsyslog-logsimulator-bc965ff7c-lgft5,Normal
848,pod_cran2_nonsyslog-logsimulator-bc965ff7c-lmzhj,Normal
849,pod_cran2_nonsyslog-logsimulator-bc965ff7c-mdgh2,Normal
850,pod_cran2_nonsyslog-logsimulator-bc965ff7c-mmq4m,Normal
851,pod_cran2_nonsyslog-logsimulator-bc965ff7c-mrb4t,Normal
852,pod_cran2_nonsyslog-logsimulator-bc965ff7c-nfscj,Normal
853,pod_cran2_nonsyslog-logsimulator-bc965ff7c-nxc5g,Normal
854,pod_cran2_nonsyslog-logsimulator-bc965ff7c-p48bg,Normal
855,pod_cran2_nonsyslog-logsimulator-bc965ff7c-q5t6n,Normal
856,pod_cran2_nonsyslog-logsimulator-bc965ff7c-qjpqf,Normal
857,pod_cran2_nonsyslog-logsimulator-bc965ff7c-qsh58,Normal
858,pod_cran2_nonsyslog-logsimulator-bc965ff7c-qvgn6,Normal
859,pod_cran2_nonsyslog-logsimulator-bc965ff7c-r5s5z,Normal
860,pod_cran2_nonsyslog-logsimulator-bc965ff7c-rbf2c,Normal
861,pod_cran2_nonsyslog-logsimulator-bc965ff7c-rp5jg,Normal
862,pod_cran2_nonsyslog-logsimulator-bc965ff7c-rqf4c,Normal
863,pod_cran2_nonsyslog-logsimulator-bc965ff7c-rwnx9,Normal
864,pod_cran2_nonsyslog-logsimulator-bc965ff7c-s54n9,Normal
865,pod_cran2_nonsyslog-logsimulator-bc965ff7c-sltcv,Normal
866,pod_cran2_nonsyslog-logsimulator-bc965ff7c-st6gh,Normal
867,pod_cran2_nonsyslog-logsimulator-bc965ff7c-t6rzd,Normal
868,pod_cran2_nonsyslog-logsimulator-bc965ff7c-t99tr,Normal
869,pod_cran2_nonsyslog-logsimulator-bc965ff7c-tgftk,Normal
870,pod_cran2_nonsyslog-logsimulator-bc965ff7c-txnl9,Normal
871,pod_cran2_nonsyslog-logsimulator-bc965ff7c-v4sbn,Normal
872,pod_cran2_nonsyslog-logsimulator-bc965ff7c-v59lw,Normal
873,pod_cran2_nonsyslog-logsimulator-bc965ff7c-v9cmt,Normal
874,pod_cran2_nonsyslog-logsimulator-bc965ff7c-vhm54,Normal
875,pod_cran2_nonsyslog-logsimulator-bc965ff7c-w47fp,Normal
876,pod_cran2_nonsyslog-logsimulator-bc965ff7c-whdrq,Normal
877,pod_cran2_nonsyslog-logsimulator-bc965ff7c-wqwps,Normal
878,pod_cran2_nonsyslog-logsimulator-bc965ff7c-x9486,Normal
879,pod_cran2_nonsyslog-logsimulator-bc965ff7c-xqlt8,Normal
880,pod_cran2_nonsyslog-logsimulator-bc965ff7c-z4ltn,Normal
881,pod_cran2_nonsyslog-logsimulator-bc965ff7c-z58f8,Normal
882,pod_cran2_nonsyslog-logsimulator-bc965ff7c-zvxgr,Normal
883,pod_cran2_nonsyslog-logsimulator-d784c75c5-2mtlx,Normal
884,pod_cran2_nonsyslog-logsimulator-d784c75c5-42zz4,Normal
885,pod_cran2_nonsyslog-logsimulator-d784c75c5-64btn,Normal
886,pod_cran2_nonsyslog-logsimulator-d784c75c5-6fxvr,Normal
887,pod_cran2_nonsyslog-logsimulator-d784c75c5-8k6fr,Normal
888,pod_cran2_nonsyslog-logsimulator-d784c75c5-8rvwq,Normal
889,pod_cran2_nonsyslog-logsimulator-d784c75c5-bss7w,Normal
890,pod_cran2_nonsyslog-logsimulator-d784c75c5-c87n6,Normal
891,pod_cran2_nonsyslog-logsimulator-d784c75c5-fsjxq,Normal
892,pod_cran2_nonsyslog-logsimulator-d784c75c5-gr8g9,Normal
893,pod_cran2_nonsyslog-logsimulator-d784c75c5-hfnl8,Normal
894,pod_cran2_nonsyslog-logsimulator-d784c75c5-hrtgb,Normal
895,pod_cran2_nonsyslog-logsimulator-d784c75c5-j8p75,Normal
896,pod_cran2_nonsyslog-logsimulator-d784c75c5-jbrvs,Normal
897,pod_cran2_nonsyslog-logsimulator-d784c75c5-plfwj,Normal
898,pod_cran2_nonsyslog-logsimulator-d784c75c5-qjbhp,Normal
899,pod_cran2_nonsyslog-logsimulator-d784c75c5-r8jkp,Normal
900,pod_cran2_nonsyslog-logsimulator-d784c75c5-rmn8x,Normal
901,pod_cran2_nonsyslog-logsimulator-d784c75c5-sltcn,Normal
902,pod_cran2_nonsyslog-logsimulator-d784c75c5-stcf6,Normal
903,pod_cran2_nonsyslog-logsimulator-d784c75c5-t4x4x,Normal
904,pod_cran2_nonsyslog-logsimulator-d784c75c5-t58w6,Normal
905,pod_cran2_nonsyslog-logsimulator-d784c75c5-vlmnw,Normal
906,pod_cran2_nonsyslog-logsimulator-d784c75c5-zb6jd,Normal
907,pod_cran2_simulator-logsimulator-7c5985bc97-2jhsp,Normal
908,pod_cran2_simulator-logsimulator-7c5985bc97-2vngp,Normal
909,pod_cran2_simulator-logsimulator-7c5985bc97-46grl,Normal
910,pod_cran2_simulator-logsimulator-7c5985bc97-47ghp,Normal
911,pod_cran2_simulator-logsimulator-7c5985bc97-5sxwt,Normal
912,pod_cran2_simulator-logsimulator-7c5985bc97-6fzrx,Normal
913,pod_cran2_simulator-logsimulator-7c5985bc97-82jvx,Normal
914,pod_cran2_simulator-logsimulator-7c5985bc97-8zf5p,Normal
915,pod_cran2_simulator-logsimulator-7c5985bc97-989fm,Normal
916,pod_cran2_simulator-logsimulator-7c5985bc97-9wj8v,Normal
917,pod_cran2_simulator-logsimulator-7c5985bc97-b5q8c,Normal
918,pod_cran2_simulator-logsimulator-7c5985bc97-bslbj,Normal
919,pod_cran2_simulator-logsimulator-7c5985bc97-dj2mt,Normal
920,pod_cran2_simulator-logsimulator-7c5985bc97-drwbk,Normal
921,pod_cran2_simulator-logsimulator-7c5985bc97-g6wbw,Normal
922,pod_cran2_simulator-logsimulator-7c5985bc97-gdfw6,Normal
923,pod_cran2_simulator-logsimulator-7c5985bc97-hxppt,Normal
924,pod_cran2_simulator-logsimulator-7c5985bc97-j92xv,Normal
925,pod_cran2_simulator-logsimulator-7c5985bc97-k8n76,Normal
926,pod_cran2_simulator-logsimulator-7c5985bc97-lmr6j,Normal
927,pod_cran2_simulator-logsimulator-7c5985bc97-p9cdl,Normal
928,pod_cran2_simulator-logsimulator-7c5985bc97-ph488,Normal
929,pod_cran2_simulator-logsimulator-7c5985bc97-q894h,Normal
930,pod_cran2_simulator-logsimulator-7c5985bc97-s2cwq,Normal
931,pod_cran2_simulator-logsimulator-7c5985bc97-s4mzw,Normal
932,pod_cran2_simulator-logsimulator-7c5985bc97-tpq5w,Normal
933,pod_cran2_simulator-logsimulator-7c5985bc97-wgl85,Normal
934,pod_cran2_simulator-logsimulator-7c5985bc97-xtrmt,Normal
935,pod_cran2_syslog-logsimulator-5bcf78948f-489hw,Normal
936,pod_cran2_syslog-logsimulator-5bcf78948f-4mwll,Normal
937,pod_cran2_syslog-logsimulator-5bcf78948f-4pf5x,Normal
938,pod_cran2_syslog-logsimulator-5bcf78948f-8d4jj,Normal
939,pod_cran2_syslog-logsimulator-5bcf78948f-c9rmd,Normal
940,pod_cran2_syslog-logsimulator-5bcf78948f-crbng,Normal
941,pod_cran2_syslog-logsimulator-5bcf78948f-dpp5s,Normal
942,pod_cran2_syslog-logsimulator-5bcf78948f-f65cg,Normal
943,pod_cran2_syslog-logsimulator-5bcf78948f-kn46h,Normal
944,pod_cran2_syslog-logsimulator-5bcf78948f-kssmd,Normal
945,pod_cran2_syslog-logsimulator-5bcf78948f-ngd2s,Normal
946,pod_cran2_syslog-logsimulator-5bcf78948f-nlhbb,Normal
947,pod_cran2_syslog-logsimulator-5bcf78948f-pmt74,Normal
948,pod_cran2_syslog-logsimulator-5bcf78948f-pphln,Normal
949,pod_cran2_syslog-logsimulator-5bcf78948f-rrcml,Normal
950,pod_cran2_syslog-logsimulator-5bcf78948f-sxzp5,Normal
951,pod_cran2_syslog-logsimulator-5bcf78948f-vqtjb,Normal
952,pod_cran2_syslog-logsimulator-5bcf78948f-xntgl,Normal
953,pod_cran2_syslog-logsimulator-5f8fff74cb-24v78,Normal
954,pod_cran2_syslog-logsimulator-5f8fff74cb-2grhl,Normal
955,pod_cran2_syslog-logsimulator-5f8fff74cb-4jbzn,Normal
956,pod_cran2_syslog-logsimulator-5f8fff74cb-5gb54,Normal
957,pod_cran2_syslog-logsimulator-5f8fff74cb-62bjx,Normal
958,pod_cran2_syslog-logsimulator-5f8fff74cb-7jv44,Normal
959,pod_cran2_syslog-logsimulator-5f8fff74cb-7wj52,Normal
960,pod_cran2_syslog-logsimulator-5f8fff74cb-9bcc2,Normal
961,pod_cran2_syslog-logsimulator-5f8fff74cb-9fkld,Normal
962,pod_cran2_syslog-logsimulator-5f8fff74cb-9tg2v,Normal
963,pod_cran2_syslog-logsimulator-5f8fff74cb-bpp8b,Normal
964,pod_cran2_syslog-logsimulator-5f8fff74cb-brnmb,Normal
965,pod_cran2_syslog-logsimulator-5f8fff74cb-clfj5,Normal
966,pod_cran2_syslog-logsimulator-5f8fff74cb-d4mv2,Normal
967,pod_cran2_syslog-logsimulator-5f8fff74cb-gk92n,Normal
968,pod_cran2_syslog-logsimulator-5f8fff74cb-hh7js,Normal
969,pod_cran2_syslog-logsimulator-5f8fff74cb-hpmtd,Normal
970,pod_cran2_syslog-logsimulator-5f8fff74cb-j7pmd,Normal
971,pod_cran2_syslog-logsimulator-5f8fff74cb-jk59k,Normal
972,pod_cran2_syslog-logsimulator-5f8fff74cb-l2t8b,Normal
973,pod_cran2_syslog-logsimulator-5f8fff74cb-lckgd,Normal
974,pod_cran2_syslog-logsimulator-5f8fff74cb-lgd76,Normal
975,pod_cran2_syslog-logsimulator-5f8fff74cb-ms7s9,Normal
976,pod_cran2_syslog-logsimulator-5f8fff74cb-n5f2j,Normal
977,pod_cran2_syslog-logsimulator-5f8fff74cb-njdd9,Normal
978,pod_cran2_syslog-logsimulator-5f8fff74cb-pp7sk,Normal
979,pod_cran2_syslog-logsimulator-5f8fff74cb-px8xm,Normal
980,pod_cran2_syslog-logsimulator-5f8fff74cb-qkkcm,Normal
981,pod_cran2_syslog-logsimulator-5f8fff74cb-rtv87,Normal
982,pod_cran2_syslog-logsimulator-5f8fff74cb-t9hks,Normal
983,pod_cran2_syslog-logsimulator-5f8fff74cb-tdsn6,Normal
984,pod_cran2_syslog-logsimulator-5f8fff74cb-tg795,Normal
985,pod_cran2_syslog-logsimulator-5f8fff74cb-vwwml,Normal
986,pod_cran2_syslog-logsimulator-5f8fff74cb-wvwsb,Normal
987,pod_cran2_syslog-logsimulator-5f8fff74cb-z9kpn,Normal
988,pod_cran2_syslog-logsimulator-5f8fff74cb-zd9b9,Normal
989,pod_cran2_syslog-logsimulator-67bcc5c74-222c8,Normal
990,pod_cran2_syslog-logsimulator-67bcc5c74-2bhw2,Normal
991,pod_cran2_syslog-logsimulator-67bcc5c74-2szd6,Normal
992,pod_cran2_syslog-logsimulator-67bcc5c74-4vm9b,Normal
993,pod_cran2_syslog-logsimulator-67bcc5c74-5k9wb,Normal
994,pod_cran2_syslog-logsimulator-67bcc5c74-5rq9v,Normal
995,pod_cran2_syslog-logsimulator-67bcc5c74-5v4hw,Normal
996,pod_cran2_syslog-logsimulator-67bcc5c74-66qtr,Normal
997,pod_cran2_syslog-logsimulator-67bcc5c74-6m5jc,Normal
998,pod_cran2_syslog-logsimulator-67bcc5c74-6vzjl,Normal
999,pod_cran2_syslog-logsimulator-67bcc5c74-7cckg,Normal
1000,pod_cran2_syslog-logsimulator-67bcc5c74-8fvvt,Normal
1001,pod_cran2_syslog-logsimulator-67bcc5c74-98qf8,Normal
1002,pod_cran2_syslog-logsimulator-67bcc5c74-9jf58,Normal
1003,pod_cran2_syslog-logsimulator-67bcc5c74-9nd52,Normal
1004,pod_cran2_syslog-logsimulator-67bcc5c74-cs4gk,Normal
1005,pod_cran2_syslog-logsimulator-67bcc5c74-d68nw,Normal
1006,pod_cran2_syslog-logsimulator-67bcc5c74-dxv72,Normal
1007,pod_cran2_syslog-logsimulator-67bcc5c74-fxzkx,Normal
1008,pod_cran2_syslog-logsimulator-67bcc5c74-g7g9n,Normal
1009,pod_cran2_syslog-logsimulator-67bcc5c74-h548w,Normal
1010,pod_cran2_syslog-logsimulator-67bcc5c74-hrml8,Normal
1011,pod_cran2_syslog-logsimulator-67bcc5c74-jrw44,Normal
1012,pod_cran2_syslog-logsimulator-67bcc5c74-klqxq,Normal
1013,pod_cran2_syslog-logsimulator-67bcc5c74-knxhd,Normal
1014,pod_cran2_syslog-logsimulator-67bcc5c74-kvcl2,Normal
1015,pod_cran2_syslog-logsimulator-67bcc5c74-lhkng,Normal
1016,pod_cran2_syslog-logsimulator-67bcc5c74-lkgqb,Normal
1017,pod_cran2_syslog-logsimulator-67bcc5c74-m92fx,Normal
1018,pod_cran2_syslog-logsimulator-67bcc5c74-mklnl,Normal
1019,pod_cran2_syslog-logsimulator-67bcc5c74-mr8bk,Normal
1020,pod_cran2_syslog-logsimulator-67bcc5c74-n4hbd,Normal
1021,pod_cran2_syslog-logsimulator-67bcc5c74-nrq7n,Normal
1022,pod_cran2_syslog-logsimulator-67bcc5c74-q8cg8,Normal
1023,pod_cran2_syslog-logsimulator-67bcc5c74-r4jcz,Normal
1024,pod_cran2_syslog-logsimulator-67bcc5c74-rrcrx,Normal
1025,pod_cran2_syslog-logsimulator-67bcc5c74-s2rdq,Normal
1026,pod_cran2_syslog-logsimulator-67bcc5c74-sw8w4,Normal
1027,pod_cran2_syslog-logsimulator-67bcc5c74-tv62x,Normal
1028,pod_cran2_syslog-logsimulator-67bcc5c74-vl2bh,Normal
1029,pod_cran2_syslog-logsimulator-67bcc5c74-vz59b,Normal
1030,pod_cran2_syslog-logsimulator-67bcc5c74-wn2fh,Normal
1031,pod_cran2_syslog-logsimulator-67bcc5c74-xgggt,Normal
1032,pod_cran2_syslog-logsimulator-67bcc5c74-xkr9j,Normal
1033,pod_cran2_syslog-logsimulator-67bcc5c74-xnh9w,Normal
1034,pod_cran2_syslog-logsimulator-67bcc5c74-zdkq7,Normal
1035,pod_cran2_syslog-logsimulator-67bcc5c74-zw4cr,Normal
1036,pod_cran2_syslog-logsimulator-67bcc5c74-zxg47,Normal
1037,pod_cran2_syslog-logsimulator-6cdd98f79d-22q2w,Normal
1038,pod_cran2_syslog-logsimulator-6cdd98f79d-2555z,Normal
1039,pod_cran2_syslog-logsimulator-6cdd98f79d-2tc46,Normal
1040,pod_cran2_syslog-logsimulator-6cdd98f79d-2tdrq,Normal
1041,pod_cran2_syslog-logsimulator-6cdd98f79d-4hfj8,Normal
1042,pod_cran2_syslog-logsimulator-6cdd98f79d-4s6cv,Normal
1043,pod_cran2_syslog-logsimulator-6cdd98f79d-5dj6p,Normal
1044,pod_cran2_syslog-logsimulator-6cdd98f79d-5x9b2,Normal
1045,pod_cran2_syslog-logsimulator-6cdd98f79d-65nlw,Normal
1046,pod_cran2_syslog-logsimulator-6cdd98f79d-65v6r,Normal
1047,pod_cran2_syslog-logsimulator-6cdd98f79d-6vp5n,Normal
1048,pod_cran2_syslog-logsimulator-6cdd98f79d-84tbq,Normal
1049,pod_cran2_syslog-logsimulator-6cdd98f79d-96f26,Normal
1050,pod_cran2_syslog-logsimulator-6cdd98f79d-9zh8g,Normal
1051,pod_cran2_syslog-logsimulator-6cdd98f79d-b54d5,Normal
1052,pod_cran2_syslog-logsimulator-6cdd98f79d-bfp2s,Normal
1053,pod_cran2_syslog-logsimulator-6cdd98f79d-c89jk,Normal
1054,pod_cran2_syslog-logsimulator-6cdd98f79d-cgc59,Normal
1055,pod_cran2_syslog-logsimulator-6cdd98f79d-cgdlj,Normal
1056,pod_cran2_syslog-logsimulator-6cdd98f79d-d5lrx,Normal
1057,pod_cran2_syslog-logsimulator-6cdd98f79d-dgql6,Normal
1058,pod_cran2_syslog-logsimulator-6cdd98f79d-dmf9d,Normal
1059,pod_cran2_syslog-logsimulator-6cdd98f79d-dvjx7,Normal
1060,pod_cran2_syslog-logsimulator-6cdd98f79d-fkfsr,Normal
1061,pod_cran2_syslog-logsimulator-6cdd98f79d-ft5n4,Normal
1062,pod_cran2_syslog-logsimulator-6cdd98f79d-gbg4q,Normal
1063,pod_cran2_syslog-logsimulator-6cdd98f79d-gghc5,Normal
1064,pod_cran2_syslog-logsimulator-6cdd98f79d-h4q5g,Normal
1065,pod_cran2_syslog-logsimulator-6cdd98f79d-hcnpc,Normal
1066,pod_cran2_syslog-logsimulator-6cdd98f79d-hhlhc,Normal
1067,pod_cran2_syslog-logsimulator-6cdd98f79d-kjgz2,Normal
1068,pod_cran2_syslog-logsimulator-6cdd98f79d-l4hzj,Normal
1069,pod_cran2_syslog-logsimulator-6cdd98f79d-lzvv9,Normal
1070,pod_cran2_syslog-logsimulator-6cdd98f79d-m46pj,Normal
1071,pod_cran2_syslog-logsimulator-6cdd98f79d-m5n2q,Normal
1072,pod_cran2_syslog-logsimulator-6cdd98f79d-n52l8,Normal
1073,pod_cran2_syslog-logsimulator-6cdd98f79d-nmpqb,Normal
1074,pod_cran2_syslog-logsimulator-6cdd98f79d-nrhdn,Normal
1075,pod_cran2_syslog-logsimulator-6cdd98f79d-q2qzz,Normal
1076,pod_cran2_syslog-logsimulator-6cdd98f79d-q7mcn,Normal
1077,pod_cran2_syslog-logsimulator-6cdd98f79d-qc7q4,Normal
1078,pod_cran2_syslog-logsimulator-6cdd98f79d-qr5zb,Normal
1079,pod_cran2_syslog-logsimulator-6cdd98f79d-qtgmk,Normal
1080,pod_cran2_syslog-logsimulator-6cdd98f79d-r5x5q,Normal
1081,pod_cran2_syslog-logsimulator-6cdd98f79d-r7tzb,Normal
1082,pod_cran2_syslog-logsimulator-6cdd98f79d-rdqjx,Normal
1083,pod_cran2_syslog-logsimulator-6cdd98f79d-rgsh5,Normal
1084,pod_cran2_syslog-logsimulator-6cdd98f79d-s5wvr,Normal
1085,pod_cran2_syslog-logsimulator-6cdd98f79d-s7wcp,Normal
1086,pod_cran2_syslog-logsimulator-6cdd98f79d-s9mhn,Normal
1087,pod_cran2_syslog-logsimulator-6cdd98f79d-sl7w8,Normal
1088,pod_cran2_syslog-logsimulator-6cdd98f79d-t2xjb,Normal
1089,pod_cran2_syslog-logsimulator-6cdd98f79d-tfwz8,Normal
1090,pod_cran2_syslog-logsimulator-6cdd98f79d-v5nbw,Normal
1091,pod_cran2_syslog-logsimulator-6cdd98f79d-vxk8d,Normal
1092,pod_cran2_syslog-logsimulator-6cdd98f79d-wfjd4,Normal
1093,pod_cran2_syslog-logsimulator-6cdd98f79d-wkxpx,Normal
1094,pod_cran2_syslog-logsimulator-6cdd98f79d-wlwkz,Normal
1095,pod_cran2_syslog-logsimulator-6cdd98f79d-x8jx7,Normal
1096,pod_cran2_syslog-logsimulator-6cdd98f79d-xj5sp,Normal
1097,pod_cran2_syslog-logsimulator-6cdd98f79d-xpnjv,Normal
1098,pod_cran2_syslog-logsimulator-6cdd98f79d-xvdx8,Normal
1099,pod_cran2_syslog-logsimulator-6cdd98f79d-z4kd4,Normal
1100,pod_cran2_syslog-logsimulator-6cdd98f79d-zbmwz,Normal
1101,pod_cran2_syslog-logsimulator-6cdd98f79d-zhgqd,Normal
1102,pod_cran2_syslog-logsimulator-6cdd98f79d-zkdzg,Normal
1103,pod_cran2_syslog-logsimulator-768c4d96f4-8hdmm,Normal
1104,pod_cran2_syslog-logsimulator-768c4d96f4-9vm7b,Normal
1105,pod_cran2_syslog-logsimulator-768c4d96f4-b4v5d,Normal
1106,pod_cran2_syslog-logsimulator-768c4d96f4-bc2ps,Normal
1107,pod_cran2_syslog-logsimulator-768c4d96f4-c8ccl,Normal
1108,pod_cran2_syslog-logsimulator-768c4d96f4-gbn2k,Normal
1109,pod_cran2_syslog-logsimulator-768c4d96f4-kz8x9,Normal
1110,pod_cran2_syslog-logsimulator-768c4d96f4-m8drm,Normal
1111,pod_cran2_syslog-logsimulator-768c4d96f4-q5v7m,Normal
1112,pod_cran2_syslog-logsimulator-768c4d96f4-qxh9b,Normal
1113,pod_cran2_syslog-logsimulator-768c4d96f4-sbnrs,Normal
1114,pod_cran2_syslog-logsimulator-768c4d96f4-xnm9b,Normal
1115,pod_cran2_syslog-logsimulator-768c4d96f4-zhcn5,Normal
1116,pod_cran2_syslog-logsimulator-76b665d475-69vth,Normal
1117,pod_cran2_syslog-logsimulator-76b665d475-cbtj5,Normal
1118,pod_cran2_syslog-logsimulator-76b665d475-wpdx4,Normal
1119,pod_cran2_syslog-logsimulator-76b665d475-xlhnh,Normal
1120,pod_cran2_syslog-logsimulator-77868dff48-29929,Normal
1121,pod_cran2_syslog-logsimulator-77868dff48-2hn9h,Normal
1122,pod_cran2_syslog-logsimulator-77868dff48-2jnvq,Normal
1123,pod_cran2_syslog-logsimulator-77868dff48-2rlwx,Normal
1124,pod_cran2_syslog-logsimulator-77868dff48-2v6xk,Normal
1125,pod_cran2_syslog-logsimulator-77868dff48-2xnpg,Normal
1126,pod_cran2_syslog-logsimulator-77868dff48-4bwtc,Normal
1127,pod_cran2_syslog-logsimulator-77868dff48-4hc7q,Normal
1128,pod_cran2_syslog-logsimulator-77868dff48-4kzjf,Normal
1129,pod_cran2_syslog-logsimulator-77868dff48-4pvdp,Normal
1130,pod_cran2_syslog-logsimulator-77868dff48-54ntc,Normal
1131,pod_cran2_syslog-logsimulator-77868dff48-5bnfd,Normal
1132,pod_cran2_syslog-logsimulator-77868dff48-5fct8,Normal
1133,pod_cran2_syslog-logsimulator-77868dff48-5hgm6,Normal
1134,pod_cran2_syslog-logsimulator-77868dff48-5mr6k,Normal
1135,pod_cran2_syslog-logsimulator-77868dff48-5tmjb,Normal
1136,pod_cran2_syslog-logsimulator-77868dff48-5wvzx,Normal
1137,pod_cran2_syslog-logsimulator-77868dff48-658bb,Normal
1138,pod_cran2_syslog-logsimulator-77868dff48-67nbg,Normal
1139,pod_cran2_syslog-logsimulator-77868dff48-6bk8g,Normal
1140,pod_cran2_syslog-logsimulator-77868dff48-6f9nn,Normal
1141,pod_cran2_syslog-logsimulator-77868dff48-6hgsm,Normal
1142,pod_cran2_syslog-logsimulator-77868dff48-6tmwb,Normal
1143,pod_cran2_syslog-logsimulator-77868dff48-6zwfk,Normal
1144,pod_cran2_syslog-logsimulator-77868dff48-75pcr,Normal
1145,pod_cran2_syslog-logsimulator-77868dff48-7gk48,Normal
1146,pod_cran2_syslog-logsimulator-77868dff48-7lxcr,Normal
1147,pod_cran2_syslog-logsimulator-77868dff48-7v8l6,Normal
1148,pod_cran2_syslog-logsimulator-77868dff48-7wrj8,Normal
1149,pod_cran2_syslog-logsimulator-77868dff48-87f5g,Normal
1150,pod_cran2_syslog-logsimulator-77868dff48-89ms9,Normal
1151,pod_cran2_syslog-logsimulator-77868dff48-8ws87,Normal
1152,pod_cran2_syslog-logsimulator-77868dff48-8xlnl,Normal
1153,pod_cran2_syslog-logsimulator-77868dff48-94ksm,Normal
1154,pod_cran2_syslog-logsimulator-77868dff48-955dt,Normal
1155,pod_cran2_syslog-logsimulator-77868dff48-96c8r,Normal
1156,pod_cran2_syslog-logsimulator-77868dff48-97xt9,Normal
1157,pod_cran2_syslog-logsimulator-77868dff48-9jrdf,Normal
1158,pod_cran2_syslog-logsimulator-77868dff48-9rrgt,Normal
1159,pod_cran2_syslog-logsimulator-77868dff48-9tfrx,Normal
1160,pod_cran2_syslog-logsimulator-77868dff48-9x45c,Normal
1161,pod_cran2_syslog-logsimulator-77868dff48-b2s48,Normal
1162,pod_cran2_syslog-logsimulator-77868dff48-b7fnc,Normal
1163,pod_cran2_syslog-logsimulator-77868dff48-b7w8w,Normal
1164,pod_cran2_syslog-logsimulator-77868dff48-bhp6f,Normal
1165,pod_cran2_syslog-logsimulator-77868dff48-blrtb,Normal
1166,pod_cran2_syslog-logsimulator-77868dff48-brm65,Normal
1167,pod_cran2_syslog-logsimulator-77868dff48-bv5s9,Normal
1168,pod_cran2_syslog-logsimulator-77868dff48-bzpqm,Normal
1169,pod_cran2_syslog-logsimulator-77868dff48-c6bzb,Normal
1170,pod_cran2_syslog-logsimulator-77868dff48-c84p2,Normal
1171,pod_cran2_syslog-logsimulator-77868dff48-ccqvx,Normal
1172,pod_cran2_syslog-logsimulator-77868dff48-cg4x9,Normal
1173,pod_cran2_syslog-logsimulator-77868dff48-ckjg6,Normal
1174,pod_cran2_syslog-logsimulator-77868dff48-ctccw,Normal
1175,pod_cran2_syslog-logsimulator-77868dff48-cxfgk,Normal
1176,pod_cran2_syslog-logsimulator-77868dff48-cxfmf,Normal
1177,pod_cran2_syslog-logsimulator-77868dff48-d2rcn,Normal
1178,pod_cran2_syslog-logsimulator-77868dff48-d44qt,Normal
1179,pod_cran2_syslog-logsimulator-77868dff48-d6hq4,Normal
1180,pod_cran2_syslog-logsimulator-77868dff48-d8n7s,Normal
1181,pod_cran2_syslog-logsimulator-77868dff48-dbz4b,Normal
1182,pod_cran2_syslog-logsimulator-77868dff48-dg6x8,Normal
1183,pod_cran2_syslog-logsimulator-77868dff48-dlshm,Normal
1184,pod_cran2_syslog-logsimulator-77868dff48-dwkcf,Normal
1185,pod_cran2_syslog-logsimulator-77868dff48-dzwcj,Normal
1186,pod_cran2_syslog-logsimulator-77868dff48-f9jpp,Normal
1187,pod_cran2_syslog-logsimulator-77868dff48-fbk87,Normal
1188,pod_cran2_syslog-logsimulator-77868dff48-fbn7b,Normal
1189,pod_cran2_syslog-logsimulator-77868dff48-flc5s,Normal
1190,pod_cran2_syslog-logsimulator-77868dff48-gc69q,Normal
1191,pod_cran2_syslog-logsimulator-77868dff48-gkhrq,Normal
1192,pod_cran2_syslog-logsimulator-77868dff48-gm7sn,Normal
1193,pod_cran2_syslog-logsimulator-77868dff48-gqcg5,Normal
1194,pod_cran2_syslog-logsimulator-77868dff48-gxzz8,Normal
1195,pod_cran2_syslog-logsimulator-77868dff48-h59wn,Normal
1196,pod_cran2_syslog-logsimulator-77868dff48-h9jh5,Normal
1197,pod_cran2_syslog-logsimulator-77868dff48-h9w5b,Normal
1198,pod_cran2_syslog-logsimulator-77868dff48-hklf6,Normal
1199,pod_cran2_syslog-logsimulator-77868dff48-hn76r,Normal
1200,pod_cran2_syslog-logsimulator-77868dff48-hqfs6,Normal
1201,pod_cran2_syslog-logsimulator-77868dff48-jxm6d,Normal
1202,pod_cran2_syslog-logsimulator-77868dff48-k7ks7,Normal
1203,pod_cran2_syslog-logsimulator-77868dff48-kfz5z,Normal
1204,pod_cran2_syslog-logsimulator-77868dff48-knkpv,Normal
1205,pod_cran2_syslog-logsimulator-77868dff48-kv4tt,Normal
1206,pod_cran2_syslog-logsimulator-77868dff48-kvhjf,Normal
1207,pod_cran2_syslog-logsimulator-77868dff48-kvz8k,Normal
1208,pod_cran2_syslog-logsimulator-77868dff48-kwjqh,Normal
1209,pod_cran2_syslog-logsimulator-77868dff48-kwrxj,Normal
1210,pod_cran2_syslog-logsimulator-77868dff48-l4rfw,Normal
1211,pod_cran2_syslog-logsimulator-77868dff48-lg2dm,Normal
1212,pod_cran2_syslog-logsimulator-77868dff48-lhwjj,Normal
1213,pod_cran2_syslog-logsimulator-77868dff48-lt9k2,Normal
1214,pod_cran2_syslog-logsimulator-77868dff48-lwj8c,Normal
1215,pod_cran2_syslog-logsimulator-77868dff48-m2wzz,Normal
1216,pod_cran2_syslog-logsimulator-77868dff48-m727j,Normal
1217,pod_cran2_syslog-logsimulator-77868dff48-m8cl2,Normal
1218,pod_cran2_syslog-logsimulator-77868dff48-m94gt,Normal
1219,pod_cran2_syslog-logsimulator-77868dff48-mjlsl,Normal
1220,pod_cran2_syslog-logsimulator-77868dff48-mpff7,Normal
1221,pod_cran2_syslog-logsimulator-77868dff48-ms58v,Normal
1222,pod_cran2_syslog-logsimulator-77868dff48-mxws5,Normal
1223,pod_cran2_syslog-logsimulator-77868dff48-nc9rv,Normal
1224,pod_cran2_syslog-logsimulator-77868dff48-nchrb,Normal
1225,pod_cran2_syslog-logsimulator-77868dff48-nt66r,Normal
1226,pod_cran2_syslog-logsimulator-77868dff48-p4224,Normal
1227,pod_cran2_syslog-logsimulator-77868dff48-pc5rf,Normal
1228,pod_cran2_syslog-logsimulator-77868dff48-pkcjk,Normal
1229,pod_cran2_syslog-logsimulator-77868dff48-pkzth,Normal
1230,pod_cran2_syslog-logsimulator-77868dff48-pqkrr,Normal
1231,pod_cran2_syslog-logsimulator-77868dff48-psj88,Normal
1232,pod_cran2_syslog-logsimulator-77868dff48-pvqnr,Normal
1233,pod_cran2_syslog-logsimulator-77868dff48-q2wvb,Normal
1234,pod_cran2_syslog-logsimulator-77868dff48-q4ls9,Normal
1235,pod_cran2_syslog-logsimulator-77868dff48-q4vxv,Normal
1236,pod_cran2_syslog-logsimulator-77868dff48-q8gfx,Normal
1237,pod_cran2_syslog-logsimulator-77868dff48-qjhxf,Normal
1238,pod_cran2_syslog-logsimulator-77868dff48-qrv2n,Normal
1239,pod_cran2_syslog-logsimulator-77868dff48-qrwp2,Normal
1240,pod_cran2_syslog-logsimulator-77868dff48-r5hzf,Normal
1241,pod_cran2_syslog-logsimulator-77868dff48-r7s77,Normal
1242,pod_cran2_syslog-logsimulator-77868dff48-r8krl,Normal
1243,pod_cran2_syslog-logsimulator-77868dff48-r9tp8,Normal
1244,pod_cran2_syslog-logsimulator-77868dff48-rdhqn,Normal
1245,pod_cran2_syslog-logsimulator-77868dff48-rl5kv,Normal
1246,pod_cran2_syslog-logsimulator-77868dff48-rm2nq,Normal
1247,pod_cran2_syslog-logsimulator-77868dff48-rrbgl,Normal
1248,pod_cran2_syslog-logsimulator-77868dff48-rzt5w,Normal
1249,pod_cran2_syslog-logsimulator-77868dff48-s4f2j,Normal
1250,pod_cran2_syslog-logsimulator-77868dff48-s85br,Normal
1251,pod_cran2_syslog-logsimulator-77868dff48-shxm4,Normal
1252,pod_cran2_syslog-logsimulator-77868dff48-sjxwt,Normal
1253,pod_cran2_syslog-logsimulator-77868dff48-sk4qp,Normal
1254,pod_cran2_syslog-logsimulator-77868dff48-skgjl,Normal
1255,pod_cran2_syslog-logsimulator-77868dff48-sl6kc,Normal
1256,pod_cran2_syslog-logsimulator-77868dff48-sqw52,Normal
1257,pod_cran2_syslog-logsimulator-77868dff48-t8vmv,Normal
1258,pod_cran2_syslog-logsimulator-77868dff48-tjffn,Normal
1259,pod_cran2_syslog-logsimulator-77868dff48-tkz4m,Normal
1260,pod_cran2_syslog-logsimulator-77868dff48-tmgmz,Normal
1261,pod_cran2_syslog-logsimulator-77868dff48-tnkqh,Normal
1262,pod_cran2_syslog-logsimulator-77868dff48-trgp5,Normal
1263,pod_cran2_syslog-logsimulator-77868dff48-tt7f4,Normal
1264,pod_cran2_syslog-logsimulator-77868dff48-v4j26,Normal
1265,pod_cran2_syslog-logsimulator-77868dff48-v7mg8,Normal
1266,pod_cran2_syslog-logsimulator-77868dff48-vfw54,Normal
1267,pod_cran2_syslog-logsimulator-77868dff48-vkqwl,Normal
1268,pod_cran2_syslog-logsimulator-77868dff48-vm7ms,Normal
1269,pod_cran2_syslog-logsimulator-77868dff48-vvqtb,Normal
1270,pod_cran2_syslog-logsimulator-77868dff48-vvwh5,Normal
1271,pod_cran2_syslog-logsimulator-77868dff48-vzwxz,Normal
1272,pod_cran2_syslog-logsimulator-77868dff48-w4l89,Normal
1273,pod_cran2_syslog-logsimulator-77868dff48-w4q9w,Normal
1274,pod_cran2_syslog-logsimulator-77868dff48-w9f56,Normal
1275,pod_cran2_syslog-logsimulator-77868dff48-wgztw,Normal
1276,pod_cran2_syslog-logsimulator-77868dff48-wm2k4,Normal
1277,pod_cran2_syslog-logsimulator-77868dff48-wnz9p,Normal
1278,pod_cran2_syslog-logsimulator-77868dff48-x48gn,Normal
1279,pod_cran2_syslog-logsimulator-77868dff48-xrlgd,Normal
1280,pod_cran2_syslog-logsimulator-77868dff48-xs7t6,Normal
1281,pod_cran2_syslog-logsimulator-77868dff48-xxpmq,Normal
1282,pod_cran2_syslog-logsimulator-77868dff48-z26tg,Normal
1283,pod_cran2_syslog-logsimulator-77868dff48-z4z8t,Normal
1284,pod_cran2_syslog-logsimulator-77868dff48-z62x6,Normal
1285,pod_cran2_syslog-logsimulator-77868dff48-z69cr,Normal
1286,pod_cran2_syslog-logsimulator-77868dff48-z7r55,Normal
1287,pod_cran2_syslog-logsimulator-77868dff48-zjg5x,Normal
1288,pod_cran2_syslog-logsimulator-7b6565c549-5sh98,Normal
1289,pod_cran2_syslog-logsimulator-7b6565c549-cp9l2,Normal
1290,pod_cran2_syslog-logsimulator-7b6565c549-drjkw,Normal
1291,pod_cran2_syslog-logsimulator-7b6565c549-fmpzw,Normal
1292,pod_cran2_syslog-logsimulator-7b6565c549-kxpzh,Normal
1293,pod_cran2_syslog-logsimulator-7b6565c549-twm4v,Normal
1294,pod_cran2_syslog-logsimulator-cb4d6ccd7-2twnj,Normal
1295,pod_cran2_syslog-logsimulator-cb4d6ccd7-59bp9,Normal
1296,pod_cran2_syslog-logsimulator-cb4d6ccd7-5gpmk,Normal
1297,pod_cran2_syslog-logsimulator-cb4d6ccd7-7x46n,Normal
1298,pod_cran2_syslog-logsimulator-cb4d6ccd7-9zn75,Normal
1299,pod_cran2_syslog-logsimulator-cb4d6ccd7-bmzl9,Normal
1300,pod_cran2_syslog-logsimulator-cb4d6ccd7-dcbnx,Normal
1301,pod_cran2_syslog-logsimulator-cb4d6ccd7-jpcd4,Normal
1302,pod_cran2_syslog-logsimulator-cb4d6ccd7-ktl5w,Normal
1303,pod_cran2_syslog-logsimulator-cb4d6ccd7-m2jg6,Normal
1304,pod_cran2_syslog-logsimulator-cb4d6ccd7-nf67k,Normal
1305,pod_cran2_syslog-logsimulator-cb4d6ccd7-pkdjj,Normal
1306,pod_cran2_syslog-logsimulator-cb4d6ccd7-pwvw4,Normal
1307,pod_cran2_syslog-logsimulator-cb4d6ccd7-qd5vz,Normal
1308,pod_cran2_syslog-logsimulator-cb4d6ccd7-qgqd7,Normal
1309,pod_cran2_syslog-logsimulator-cb4d6ccd7-sjwqm,Normal
1310,pod_cran2_syslog-logsimulator-cb4d6ccd7-sns5n,Normal
1311,pod_cran2_syslog-logsimulator-cb4d6ccd7-v27dx,Normal
1312,pod_cran2_syslog-logsimulator-cb4d6ccd7-vvn45,Normal
1313,pod_cran2_syslog-logsimulator-cb4d6ccd7-wdzgr,Normal
1314,pod_cran2_syslog-logsimulator-cb4d6ccd7-wgvzz,Normal
1315,pod_cran2_syslog-logsimulator-cb4d6ccd7-x2t4k,Normal
1316,pod_cran2_syslog-logsimulator-cb4d6ccd7-z8npd,Normal
1317,pod_cran2_syslog-logsimulator-cb4d6ccd7-zzstt,Normal
1318,pod_cran2_syslog-logsimulator-fb46f668b-97mdq,Normal
1319,pod_cran2_syslog-logsimulator-fb46f668b-f8xjx,Normal
1320,pod_cran2_syslog-logsimulator-fb46f668b-rbqwv,Normal
1321,pod_cran2_syslog-logsimulator-fb46f668b-sknzq,Normal
1322,pod_cran2_syslog-logsimulator-fb46f668b-w9tm5,Normal
1323,pod_cran2_syslog-logsimulator-fb46f668b-zwqpn,Normal
1324,pod_cran3_simulator-logsimulator-7c5985bc97-2mfvz,Normal
1325,pod_cran3_simulator-logsimulator-7c5985bc97-6p7t4,Normal
1326,pod_cran3_simulator-logsimulator-7c5985bc97-gl6wb,Normal
1327,pod_cran3_simulator-logsimulator-7c5985bc97-j2bft,Normal
1328,pod_cran3_simulator-logsimulator-7c5985bc97-lv468,Normal
1329,pod_cran3_simulator-logsimulator-7c5985bc97-mw74c,Normal
1330,pod_cran3_simulator-logsimulator-7c5985bc97-p52rj,Normal
1331,pod_cran3_simulator-logsimulator-7c5985bc97-t4qsd,Normal
1332,pod_openshift-kni-infra_coredns-worker2.hzdc-ecp-10-110-12-226.ocp.hz.nsn-rdnet.net,Normal
1333,pod_openshift-kni-infra_keepalived-worker2.hzdc-ecp-10-110-12-226.ocp.hz.nsn-rdnet.net,Normal
1334,pod_openshift-machine-config-operator_kube-rbac-proxy-crio-worker2.hzdc-ecp-10-110-12-226.ocp.hz.nsn-rdnet.net,Normal
1335,pod_openshift-monitoring_metrics-server-5d66d5448-f4fqq,Normal
1336,pod_openshift-monitoring_metrics-server-5fb49648cf-6hlv9,Normal
1337,pod_openshift-monitoring_metrics-server-6d5bfdf4f7-qqfcm,Normal
1338,pod_openshift-monitoring_metrics-server-b7cf758cc-psrvj,Normal
1339,pod_openshift-multus_cni-sysctl-allowlist-ds-nb7m9,Normal
1340,pod_openshift-multus_cni-sysctl-allowlist-ds-pqhdz,Normal
1341,pod_openshift-operator-lifecycle-manager_collect-profiles-29158755-8wd9w,Normal
1342,pod_openshift-operator-lifecycle-manager_collect-profiles-29158770-qpn8j,Normal
1343,pod_openshift-operator-lifecycle-manager_collect-profiles-29158785-dfpcz,Normal
1344,pod_openshift-operator-lifecycle-manager_collect-profiles-29158800-d9s7m,Normal
1345,pod_openshift-operator-lifecycle-manager_collect-profiles-29158815-w2vkh,Normal
1346,pod_openshift-operator-lifecycle-manager_collect-profiles-29158830-x57pr,Normal
1347,pod_openshift-operator-lifecycle-manager_collect-profiles-29158845-8kxsz,Normal
1348,pod_openshift-operator-lifecycle-manager_collect-profiles-29158860-zgk2f,Normal
1349,pod_openshift-operator-lifecycle-manager_collect-profiles-29158875-5zbbj,Normal
1350,pod_openshift-operator-lifecycle-manager_collect-profiles-29158890-l4f8n,Normal
1351,pod_openshift-operator-lifecycle-manager_collect-profiles-29158905-zbqr4,Normal
